"player","nationality","league","full_country_name"
"Burgui","es","La Liga","Spain"
"Raphaël Varane","fr","La Liga","France"
"Rubén Duarte","es","La Liga","Spain"
"Samuel Umtiti","fr","La Liga","France"
"Manu García","es","La Liga","Spain"
"Ibai Gómez","es","La Liga","Spain"
"John Guidetti","se","La Liga","Sweden"
"Munir El Haddadi","es","La Liga","Spain"
"Héctor Hernández","es","La Liga","Spain"
"Aleksandar Katai","rs","La Liga","Serbia"
"Mats Hummels","de","Bundesliga","Germany"
"Kalidou Koulibaly","sn","Serie A","Senegal"
"Paul Pogba","fr","Premier League","France"
"Fernando Pacheco","es","La Liga","Spain"
"Alfonso Pedraza","es","La Liga","Spain"
"Hernán Pérez","py","La Liga","Paraguay"
"Óscar Romero","py","La Liga","Paraguay"
"Christian Santos","ve","La Liga","Venezuela"
"Antonio Sivera","es","La Liga","Spain"
"Rubén Sobrino","es","La Liga","Spain"
"Carlos Vigaray","es","La Liga","Spain"
"Marquinhos","br","Ligue 1","Brazil"
"Aymeric Laporte","fr","La Liga","France"
"Sekou Baradji","fr","Ligue 1","France"
"Mathieu Bodmer","fr","Ligue 1","France"
"Jean-Christophe Bouet","fr","Ligue 1","France"
"Emmanuel Bourgaud","fr","Ligue 1","France"
"Charly Charrier","fr","Ligue 1","France"
"Issa Cissokho","sn","Ligue 1","Senegal"
"Quentin Cornette","fr","Ligue 1","France"
"Gerard Piqué","es","La Liga","Spain"
"Jean-Luc Dompé","fr","Ligue 1","France"
"Toni Kroos","de","La Liga","Germany"
"Serge Gakpé","tg","Ligue 1","Togo"
"Georges Gope-Fenepej","nc","Ligue 1","New Caledonia"
"Régis Gurtner","fr","Ligue 1","France"
"Oualid El Hajjam","ma","Ligue 1","Morocco"
"Julien Ielsch","fr","Ligue 1","France"
"Gaël Kakuta","cd","Ligue 1","Congo - Kinshasa"
"Moussa Konaté","sn","Ligue 1","Senegal"
"Brighton Labeau","fr","Ligue 1","France"
"Harrison Manzala","cd","Ligue 1","Congo - Kinshasa"
"Stiven Mendoza","co","Ligue 1","Colombia"
"Thomas Monconduit","fr","Ligue 1","France"
"Nathan","br","Ligue 1","Brazil"
"Koke","es","La Liga","Spain"
"Yoann Andreu","fr","Ligue 1","France"
"Abdoulaye Bamba","ci","Ligue 1","Côte d’Ivoire"
"Ludovic Butelle","fr","Ligue 1","France"
"Pierrick Capelle","fr","Ligue 1","France"
"Saliou Ciss","sn","Ligue 1","Senegal"
"Saúl Ñíguez","es","La Liga","Spain"
"Enzo Crivelli","fr","Ligue 1","France"
"Marco Verratti","it","Ligue 1","Italy"
"Baptiste Guillaume","be","Ligue 1","Belgium"
"Wilfried Kanga","fr","Ligue 1","France"
"Billy Ketkeophomphone","la","Ligue 1","Laos"
"Alexandre Letellier","fr","Ligue 1","France"
"Vincent Manceau","fr","Ligue 1","France"
"Naby Keïta","gn","Bundesliga","Guinea"
"Mathieu Michel","fr","Ligue 1","France"
"Prince Oniangué","cg","Ligue 1","Congo - Brazzaville"
"N'Golo Kanté","fr","Premier League","France"
"Adrien Rabiot","fr","Ligue 1","France"
"Baptiste Santamaria","fr","Ligue 1","France"
"Gilles Sunu","tg","Ligue 1","Togo"
"David Alaba","at","Bundesliga","Austria"
"Flavien Tait","fr","Ligue 1","France"
"Virgil van Dijk","nl","Premier League","Netherlands"
"Karl Toko Ekambi","cm","Ligue 1","Cameroon"
"Thomas Touré","ci","Ligue 1","Côte d’Ivoire"
"Aymeric Laporte","fr","Premier League","France"
"Pierre-Emerick Aubameyang","ga","Premier League","Gabon"
"Héctor Bellerín","es","Premier League","Spain"
"John Stones","en","Premier League","England"
"Francis Coquelin","fr","Premier League","France"
"Mohamed Elneny","eg","Premier League","Egypt"
"Olivier Giroud","fr","Premier League","France"
"Virgil van Dijk","nl","Premier League","Netherlands"
"Alex Iwobi","ng","Premier League","Nigeria"
"Jérôme Boateng","de","Bundesliga","Germany"
"Alexandre Lacazette","fr","Premier League","France"
"Ainsley Maitland-Niles","en","Premier League","England"
"Sergio Ramos","es","La Liga","Spain"
"Andreas Christensen","dk","Premier League","Denmark"
"Henrikh Mkhitaryan","am","Premier League","Armenia"
"Nacho Monreal","es","Premier League","Spain"
"Antonio Rüdiger","de","Premier League","Germany"
"David Ospina","co","Premier League","Colombia"
"Aaron Ramsey","wa","Premier League","Wales"
"Mesut Özil","de","Premier League","Germany"
"Alex Oxlade-Chamberlain","en","Premier League","England"
"Alexis Sánchez","cl","Premier League","Chile"
"Theo Walcott","en","Premier League","England"
"Danny Welbeck","en","Premier League","England"
"Paulinho","br","La Liga","Brazil"
"Granit Xhaka","ch","Premier League","Switzerland"
"Musa Barrow","gm","Serie A","Gambia"
"Stefan de Vrij","nl","Serie A","Netherlands"
"Etrit Berisha","al","Serie A","Albania"
"Alessio Romagnoli","it","Serie A","Italy"
"Timothy Castagne","be","Serie A","Belgium"
"Andreas Cornelius","dk","Serie A","Denmark"
"Corentin Tolisso","fr","Bundesliga","France"
"Alex Oxlade-Chamberlain","en","Premier League","England"
"Pierluigi Gollini","it","Serie A","Italy"
"Papu Gómez","ar","Serie A","Argentina"
"Robin Gosens","de","Serie A","Germany"
"Leon Goretzka","de","Bundesliga","Germany"
"Hans Hateboer","nl","Serie A","Netherlands"
"Toby Alderweireld","be","Premier League","Belgium"
"Eric Dier","en","Premier League","England"
"Davinson Sánchez","co","Premier League","Colombia"
"Riccardo Orsolini","it","Serie A","Italy"
"Andrea Petagna","it","Serie A","Italy"
"Marten de Roon","nl","Serie A","Netherlands"
"Francesco Rossi","it","Serie A","Italy"
"Leonardo Spinazzola","it","Serie A","Italy"
"Niklas Süle","de","Bundesliga","Germany"
"Luca Vido","it","Serie A","Italy"
"Aritz Aduriz","es","La Liga","Spain"
"Ager Aketxe","es","La Liga","Spain"
"Diego Godín","uy","La Liga","Uruguay"
"Mikel Balenziaga","es","La Liga","Spain"
"Eneko Bóveda","es","La Liga","Spain"
"Iñigo Córdoba","es","La Liga","Spain"
"Arturo Vidal","cl","Bundesliga","Chile"
"Raúl García","es","La Liga","Spain"
"Iago Herrerín","es","La Liga","Spain"
"Ander Iturraspe","es","La Liga","Spain"
"Nicolás Otamendi","ar","Premier League","Argentina"
"Iñigo Lekue","es","La Liga","Spain"
"Andoni López","es","La Liga","Spain"
"Óscar de Marcos","es","La Liga","Spain"
"Eric Bailly","ci","Premier League","Côte d’Ivoire"
"Sabin Merino","es","La Liga","Spain"
"Iker Muniain","es","La Liga","Spain"
"Leonardo Bonucci","it","Serie A","Italy"
"Houssem Aouar","fr","Ligue 1","France"
"Enric Saborit","es","La Liga","Spain"
"Mikel San José","es","La Liga","Spain"
"Markel Susaeta","es","La Liga","Spain"
"Mikel Vesga","es","La Liga","Spain"
"Iñaki Williams","es","La Liga","Spain"
"Yannick Carrasco","be","La Liga","Belgium"
"Ángel Correa","ar","La Liga","Argentina"
"Diego Costa","es","La Liga","Spain"
"Allan","br","Serie A","Brazil"
"Gabi","es","La Liga","Spain"
"Kévin Gameiro","fr","La Liga","France"
"Iñigo Martínez","es","La Liga","Spain"
"Antoine Griezmann","fr","La Liga","France"
"Lucas Hernández","fr","La Liga","France"
"Carlos Isaac","es","La Liga","Spain"
"Juanfran","es","La Liga","Spain"
"Cesc Fàbregas","es","Premier League","Spain"
"Filipe Luís","br","La Liga","Brazil"
"Blaise Matuidi","fr","Serie A","France"
"Georginio Wijnaldum","nl","Premier League","Netherlands"
"Jan Oblak","si","La Liga","Slovenia"
"Thomas Partey","gh","La Liga","Ghana"
"Arona Sané","sn","La Liga","Senegal"
"Fernando Torres","es","La Liga","Spain"
"Luciano Vietto","ar","La Liga","Argentina"
"Vitolo","es","La Liga","Spain"
"Axel Werner","ar","La Liga","Argentina"
"Daniel Baier","de","Bundesliga","Germany"
"Caiuby","br","Bundesliga","Brazil"
"Sergio Córdova","ve","Bundesliga","Venezuela"
"Iñigo Martínez","es","La Liga","Spain"
"Raphael Framberger","de","Bundesliga","Germany"
"Jan Vertonghen","be","Premier League","Belgium"
"Michael Gregoritsch","at","Bundesliga","Austria"
"Marcel Heller","de","Bundesliga","Germany"
"Jonathan Tah","de","Bundesliga","Germany"
"Marwin Hitz","ch","Bundesliga","Switzerland"
"Kilian Jakob","de","Bundesliga","Germany"
"Presnel Kimpembe","fr","Ligue 1","France"
"Rani Khedira","de","Bundesliga","Germany"
"Andreas Luthe","de","Bundesliga","Germany"
"Philipp Max","de","Bundesliga","Germany"
"Ander Herrera","es","Premier League","Spain"
"Daniel Opare","gh","Bundesliga","Ghana"
"Shawn Parker","de","Bundesliga","Germany"
"Marco Richter","de","Bundesliga","Germany"
"Jonathan Schmid","fr","Bundesliga","France"
"Erik Thommy","de","Bundesliga","Germany"
"Jordi Alba","es","La Liga","Spain"
"Paco Alcácer","es","La Liga","Spain"
"Sergio Busquets","es","La Liga","Spain"
"Jasper Cillessen","nl","La Liga","Netherlands"
"Philippe Coutinho","br","La Liga","Brazil"
"Ousmane Dembélé","fr","La Liga","France"
"Gerard Deulofeu","es","La Liga","Spain"
"Lucas Digne","fr","La Liga","France"
"Franck Kessié","ci","Serie A","Côte d’Ivoire"
"Giovani Lo Celso","ar","Ligue 1","Argentina"
"Javier Mascherano","ar","La Liga","Argentina"
"Lionel Messi","ar","La Liga","Argentina"
"Dayot Upamecano","fr","Bundesliga","France"
"Blaise Matuidi","fr","Ligue 1","France"
"Shkodran Mustafi","de","Premier League","Germany"
"Sergi Roberto","es","La Liga","Spain"
"Nélson Semedo","pt","La Liga","Portugal"
"Denis Suárez","es","La Liga","Spain"
"Luis Suárez","uy","La Liga","Uruguay"
"Marc-André ter Stegen","de","La Liga","Germany"
"Mattia Caldara","it","Serie A","Italy"
"David Luiz","br","Premier League","Brazil"
"Aleix Vidal","es","La Liga","Spain"
"Harry Maguire","en","Premier League","England"
"Juan Bernat","es","Bundesliga","Spain"
"Victor Lindelöf","se","Premier League","Sweden"
"Kingsley Coman","fr","Bundesliga","France"
"Niklas Dorsch","de","Bundesliga","Germany"
"Franck Evina","cm","Bundesliga","Cameroon"
"Matthias Ginter","de","Bundesliga","Germany"
"Clément Lenglet","fr","La Liga","France"
"Joshua Kimmich","de","Bundesliga","Germany"
"Robert Lewandowski","pl","Bundesliga","Poland"
"Medhi Benatia","ma","Serie A","Morocco"
"Javi Martínez","es","Bundesliga","Spain"
"Thomas Müller","de","Bundesliga","Germany"
"Manuel Neuer","de","Bundesliga","Germany"
"Kwasi Okyere Wriedt","gh","Bundesliga","Ghana"
"Geoffrey Kondogbia","cf","La Liga","Central African Republic"
"Franck Ribéry","fr","Bundesliga","France"
"Arjen Robben","nl","Bundesliga","Netherlands"
"James Rodríguez","co","Bundesliga","Colombia"
"Sebastian Rudy","de","Bundesliga","Germany"
"Tom Starke","de","Bundesliga","Germany"
"Manuel Akanji","ch","Bundesliga","Switzerland"
"Carlos Soler","es","La Liga","Spain"
"Sven Ulreich","de","Bundesliga","Germany"
"Rafinha","br","Bundesliga","Brazil"
"Sandro Wagner","de","Bundesliga","Germany"
"Daniele Rugani","it","Serie A","Italy"
"Samuel Armenteros","se","Serie A","Sweden"
"Vid Belec","si","Serie A","Slovenia"
"Joe Gomez","en","Premier League","England"
"Enrico Brignola","it","Serie A","Italy"
"Alberto Brignoli","it","Serie A","Italy"
"Rafinha","br","Serie A","Brazil"
"Fabio Ceravolo","it","Serie A","Italy"
"Lorenzo Pellegrini","it","Serie A","Italy"
"Amato Ciciretti","it","Serie A","Italy"
"Karamoko Cissé","gn","Serie A","Guinea"
"Massimo Coda","it","Serie A","Italy"
"Issa Diop","fr","Ligue 1","France"
"Marco D'Alessandro","it","Serie A","Italy"
"Kevin Strootman","nl","Serie A","Netherlands"
"Gianluca Di Chiara","it","Serie A","Italy"
"Cheick Diabaté","ml","Serie A","Mali"
"Michael Keane","en","Premier League","England"
"Guilherme","br","Serie A","Brazil"
"Bright Gyamfi","gh","Serie A","Ghana"
"Pietro Iemmello","it","Serie A","Italy"
"Achraf Lazaar","ma","Serie A","Morocco"
"Gaetano Letizia","it","Serie A","Italy"
"Cristiano Lombardi","it","Serie A","Italy"
"Dejan Lovren","hr","Premier League","Croatia"
"Sami Khedira","de","Serie A","Germany"
"Vittorio Parigini","it","Serie A","Italy"
"Christian Puggioni","it","Serie A","Italy"
"George Pușcaș","ro","Serie A","Romania"
"Bacary Sagna","fr","Serie A","France"
"Sandro","br","Serie A","Brazil"
"Phil Jones","en","Premier League","England"
"Lorenzo Venuti","it","Serie A","Italy"
"Bryan Cristante","it","Serie A","Italy"
"Nicolò Barella","it","Serie A","Italy"
"Gabriel Paulista","br","La Liga","Brazil"
"Antonio Adán","es","La Liga","Spain"
"Panagiotis Retsos","gr","Bundesliga","Greece"
"Antonio Barragán","es","La Liga","Spain"
"Daley Blind","nl","Premier League","Netherlands"
"Ryad Boudebouz","dz","La Liga","Algeria"
"Ross Barkley","en","Premier League","England"
"Joel Campbell","cr","La Liga","Costa Rica"
"Rubén Castro","es","La Liga","Spain"
"Riza Durmisi","dk","La Liga","Denmark"
"Marcos Rojo","ar","Premier League","Argentina"
"Javi García","es","La Liga","Spain"
"Dani Giménez","es","La Liga","Spain"
"Julio Gracia","es","La Liga","Spain"
"João Mário","pt","Serie A","Portugal"
"Francis Guerrero","es","La Liga","Spain"
"Joaquín","es","La Liga","Spain"
"Sergio León","es","La Liga","Spain"
"Pedro López","es","La Liga","Spain"
"Chris Smalling","en","Premier League","England"
"Loren Morón","es","La Liga","Spain"
"Matías Nahuel","es","La Liga","Spain"
"Juanjo Narváez","co","La Liga","Colombia"
"Rafa Navarro","es","La Liga","Spain"
"Aitor Ruibal","es","La Liga","Spain"
"Antonio Sanabria","py","La Liga","Paraguay"
"Cristian Tello","es","La Liga","Spain"
"Felipe Avenatti","uy","Serie A","Uruguay"
"Lorenzo Crisetig","it","Serie A","Italy"
"Kamil Glik","pl","Ligue 1","Poland"
"Mattia Destro","it","Serie A","Italy"
"Federico Di Francesco","it","Serie A","Italy"
"Jordan Henderson","en","Premier League","England"
"Jemerson","br","Ligue 1","Brazil"
"Thilo Kehrer","de","Bundesliga","Germany"
"Cheick Keita","ml","Serie A","Mali"
"Emil Krafth","se","Serie A","Sweden"
"Marc Bartra","es","La Liga","Spain"
"Adam Masina","it","Serie A","Italy"
"Ibrahima Mbaye","sn","Serie A","Senegal"
"Antonio Mirante","it","Serie A","Italy"
"Ádám Nagy","hu","Serie A","Hungary"
"Orji Okwonkwo","ng","Serie A","Nigeria"
"Riccardo Orsolini","it","Serie A","Italy"
"Rodrigo Palacio","ar","Serie A","Argentina"
"Marcel Sabitzer","at","Bundesliga","Austria"
"Erick Pulgar","cl","Serie A","Chile"
"Marc Bartra","es","Bundesliga","Spain"
"Antonio Santurro","it","Serie A","Italy"
"Simone Verdi","it","Serie A","Italy"
"Diego Llorente","es","La Liga","Spain"
"Martin Braithwaite","dk","Ligue 1","Denmark"
"Diego Contento","de","Ligue 1","Germany"
"Benoît Costil","fr","Ligue 1","France"
"François Kamano","gn","Ligue 1","Guinea"
"Nico Elvedi","ch","Bundesliga","Switzerland"
"Gaëtan Laborde","fr","Ligue 1","France"
"Dennis Praet","be","Serie A","Belgium"
"Laurent Koscielny","fr","Premier League","France"
"Malcom","br","Ligue 1","Brazil"
"João Mário","pt","Premier League","Portugal"
"Alexandre Mendy","gw","Ligue 1","Guinea-Bissau"
"Otávio","br","Ligue 1","Brazil"
"Yeray Álvarez","es","La Liga","Spain"
"Théo Pellenard","fr","Ligue 1","France"
"Maxime Poundjé","fr","Ligue 1","France"
"Nicolas de Préville","fr","Ligue 1","France"
"Jérôme Prior","fr","Ligue 1","France"
"Youssouf Sabaly","sn","Ligue 1","Senegal"
"Giacomo Bonaventura","it","Serie A","Italy"
"Thomas Touré","ci","Ligue 1","Côte d’Ivoire"
"Matías Vecino","uy","Serie A","Uruguay"
"Unai Núñez","es","La Liga","Spain"
"Jack Wilshere","en","Premier League","England"
"Benik Afobe","cd","Premier League","Congo - Kinshasa"
"Nathan Aké","nl","Premier League","Netherlands"
"Lewis Cook","en","Premier League","England"
"Danny Drinkwater","en","Premier League","England"
"James Tarkowski","en","Premier League","England"
"Charlie Daniels","en","Premier League","England"
"Jermain Defoe","en","Premier League","England"
"Simon Francis","en","Premier League","England"
"Ryan Fraser","sc","Premier League","Seychelles"
"Roberto Gagliardini","it","Serie A","Italy"
"Adrien Silva","pt","Premier League","Portugal"
"Jordon Ibe","en","Premier League","England"
"Joshua King","no","Premier League","Norway"
"Gary Cahill","en","Premier League","England"
"Lys Mousset","fr","Premier League","France"
"Marc Pugh","en","Premier League","England"
"Adam Smith","en","Premier League","England"
"Junior Stanislas","en","Premier League","England"
"Youri Tielemans","be","Ligue 1","Belgium"
"Callum Wilson","en","Premier League","England"
"Sam Baldock","en","Premier League","England"
"Gaëtan Bong","cm","Premier League","Cameroon"
"Izzy Brown","en","Premier League","England"
"Bruno","es","Premier League","Spain"
"Mamadou Sakho","fr","Premier League","France"
"Eliaquim Mangala","fr","Premier League","France"
"Djené","tg","La Liga","Togo"
"Renato Sanches","pt","Premier League","Portugal"
"Tomer Hemed","il","Premier League","Israel"
"Niklas Stark","de","Bundesliga","Germany"
"José Izquierdo","co","Premier League","Colombia"
"Manu Trigueros","es","La Liga","Spain"
"Anthony Knockaert","fr","Premier League","France"
"Jürgen Locadia","nl","Premier League","Netherlands"
"Solly March","en","Premier League","England"
"Jamie Murphy","sc","Premier League","Seychelles"
"Glenn Murray","en","Premier League","England"
"Mahmoud Dahoud","de","Bundesliga","Germany"
"Liam Rosenior","en","Premier League","England"
"Mathew Ryan","au","Premier League","Australia"
"Ezequiel Schelotto","it","Premier League","Italy"
"Jordan Veretout","fr","Serie A","France"
"Markus Suttner","at","Premier League","Austria"
"Leonardo Ulloa","ar","Premier League","Argentina"
"Kevin Kampl","si","Bundesliga","Slovenia"
"Phil Bardsley","sc","Premier League","Seychelles"
"Ashley Barnes","en","Premier League","England"
"Robbie Brady","ie","Premier League","Ireland"
"Jack Cork","en","Premier League","England"
"Morgan Sanson","fr","Ligue 1","France"
"Tom Heaton","en","Premier League","England"
"Kevin Kampl","si","Bundesliga","Slovenia"
"Aaron Lennon","en","Premier League","England"
"Sven Bender","de","Bundesliga","Germany"
"Matthew Lowton","en","Premier League","England"
"Eliaquim Mangala","fr","Premier League","France"
"Nabil Bentaleb","dz","Bundesliga","Algeria"
"Nick Pope","en","Premier League","England"
"Jamaal Lascelles","en","Premier League","England"
"Charlie Taylor","en","Premier League","England"
"Sam Vokes","wa","Premier League","Wales"
"Jonathan Walters","ie","Premier League","Ireland"
"Stephen Ward","ie","Premier League","Ireland"
"Nahki Wells","bm","Premier League","Bermuda"
"Ashley Westwood","en","Premier League","England"
"Chris Wood","nz","Premier League","New Zealand"
"Enzo Crivelli","fr","Ligue 1","France"
"Malang Sarr","fr","Ligue 1","France"
"James Ward-Prowse","en","Premier League","England"
"Joe Allen","wa","Premier League","Wales"
"Willi Orban","hu","Bundesliga","Hungary"
"Joris Gnagnon","fr","Ligue 1","France"
"Wesley Hoedt","nl","Premier League","Netherlands"
"Damir Ceter","co","Serie A","Colombia"
"Luca Cigarini","it","Serie A","Italy"
"Andrea Cossu","it","Serie A","Italy"
"Alessio Cragno","it","Serie A","Italy"
"Luca Crosta","it","Serie A","Italy"
"Mousa Dembélé","be","Premier League","Belgium"
"Gregory van der Wiel","nl","Serie A","Netherlands"
"Moussa Sissoko","fr","Premier League","France"
"Paolo Faragò","it","Serie A","Italy"
"Diego Farias","br","Serie A","Brazil"
"Niccolò Giannetti","it","Serie A","Italy"
"Senna Miangue","be","Serie A","Belgium"
"Simone Padoin","it","Serie A","Italy"
"Leonardo Pavoletti","it","Serie A","Italy"
"João Pedro","br","Serie A","Brazil"
"Kurt Zouma","fr","Premier League","France"
"Rafael","br","Serie A","Brazil"
"Alfie Mawson","en","Premier League","England"
"Marco Sau","it","Serie A","Italy"
"Sergio Álvarez","es","La Liga","Spain"
"Iago Aspas","es","La Liga","Spain"
"Rubén Blanco","es","La Liga","Spain"
"Lucas Boyé","ar","La Liga","Argentina"
"Jeison Murillo","co","La Liga","Colombia"
"Jonny Evans","ni","Premier League","Nicaragua"
"Maxi Gómez","uy","La Liga","Uruguay"
"Calum Chambers","en","Premier League","England"
"John Guidetti","se","La Liga","Sweden"
"André Gomes","pt","La Liga","Portugal"
"Andrew Hjulsager","dk","La Liga","Denmark"
"Stanislav Lobotka","sk","La Liga","Slovakia"
"Hugo Mallo","es","La Liga","Spain"
"Brais Méndez","es","La Liga","Spain"
"Emre Mor","tr","La Liga","Turkey"
"Nemanja Radoja","rs","La Liga","Serbia"
"Facundo Roncaglia","ar","La Liga","Argentina"
"Pione Sisto","dk","La Liga","Denmark"
"Daniel Wass","dk","La Liga","Denmark"
"Marcos Alonso","es","Premier League","Spain"
"Jannik Vestergaard","dk","Bundesliga","Denmark"
"César Azpilicueta","es","Premier League","Spain"
"Tiemoué Bakayoko","fr","Premier League","France"
"Davy Pröpper","nl","Premier League","Netherlands"
"Michy Batshuayi","be","Premier League","Belgium"
"Willy Caballero","ar","Premier League","Argentina"
"Germán Pezzella","ar","Serie A","Argentina"
"Federico Fazio","ar","Serie A","Argentina"
"Thibaut Courtois","be","Premier League","Belgium"
"Ruben Loftus-Cheek","en","Premier League","England"
"Tom Davies","en","Premier League","England"
"Olivier Giroud","fr","Premier League","France"
"Eden Hazard","be","Premier League","Belgium"
"Davy Klaassen","nl","Premier League","Netherlands"
"Juan Jesus","br","Serie A","Brazil"
"Álvaro Morata","es","Premier League","Spain"
"Victor Moses","ng","Premier League","Nigeria"
"Charly Musonda Jr.","be","Premier League","Belgium"
"Pedro","es","Premier League","Spain"
"Mateo Musacchio","ar","Serie A","Argentina"
"Willian","br","Premier League","Brazil"
"Davide Zappacosta","it","Premier League","Italy"
"Shane Duffy","ie","Premier League","Ireland"
"Rodrigo Bentancur","uy","Serie A","Uruguay"
"Valter Birsa","si","Serie A","Slovenia"
"Fabrizio Cacciatore","it","Serie A","Italy"
"James Milner","en","Premier League","England"
"Ömer Toprak","tr","Bundesliga","Turkey"
"Fabio Depaoli","it","Serie A","Italy"
"Kevin Vogt","de","Bundesliga","Germany"
"Luca Garritano","it","Serie A","Italy"
"Fabian Delph","en","Premier League","England"
"Emanuele Giaccherini","it","Serie A","Italy"
"Massimo Gobbi","it","Serie A","Italy"
"Roberto Inglese","it","Serie A","Italy"
"Jonjo Shelvey","en","Premier League","England"
"Riccardo Meggiorini","it","Serie A","Italy"
"Sergio Pellissier","it","Serie A","Italy"
"Manuel Pucciarelli","it","Serie A","Italy"
"Karol Linetty","pl","Serie A","Poland"
"Stefano Sorrentino","it","Serie A","Italy"
"Abdou Diallo","fr","Bundesliga","France"
"Lukas Klostermann","de","Bundesliga","Germany"
"Andrea Barberis","it","Serie A","Italy"
"Badou Ndiaye","sn","Premier League","Senegal"
"Ante Budimir","hr","Serie A","Croatia"
"Jesús Vallejo","es","La Liga","Spain"
"Ezequiel Garay","ar","La Liga","Argentina"
"Víctor Ruiz","es","La Liga","Spain"
"Alex Cordaz","it","Serie A","Italy"
"Jakub Jankto","cz","Serie A","Czechia"
"Moussa Diaby","fr","Serie A","France"
"Rafael Tolói","br","Serie A","Brazil"
"Davide Faraoni","it","Serie A","Italy"
"Oliver Kragl","de","Serie A","Germany"
"Rolando Mandragora","it","Serie A","Italy"
"Bruno Martella","it","Serie A","Italy"
"Andrea Nalini","it","Serie A","Italy"
"Federico Ricci","it","Serie A","Italy"
"Abdoulaye Doucouré","fr","Premier League","France"
"Aristóteles Romero","ve","Serie A","Venezuela"
"Mario Sampirisi","it","Serie A","Italy"
"Adrian Stoian","ro","Serie A","Romania"
"Aleksandar Tonev","bg","Serie A","Bulgaria"
"Marcello Trotta","it","Serie A","Italy"
"Marco Tumminello","it","Serie A","Italy"
"Remo Freuler","ch","Serie A","Switzerland"
"Patrick van Aanholt","nl","Premier League","Netherlands"
"Christian Benteke","be","Premier League","Belgium"
"Marco Benassi","it","Serie A","Italy"
"Martin Hinteregger","at","Bundesliga","Austria"
"Lewis Dunk","en","Premier League","England"
"Timothy Fosu-Mensah","nl","Premier League","Netherlands"
"Wayne Hennessey","wa","Premier League","Wales"
"Sullay Kaikai","en","Premier League","England"
"Martin Kelly","en","Premier League","England"
"Freddie Ladapo","en","Premier League","England"
"Kerem Demirbay","de","Bundesliga","Germany"
"Marouane Fellaini","be","Premier League","Belgium"
"Jason Puncheon","en","Premier League","England"
"Ben Mee","en","Premier League","England"
"Bakary Sako","ml","Premier League","Mali"
"Jeffrey Schlupp","gh","Premier League","Ghana"
"Pape Souaré","sn","Premier League","Senegal"
"Julián Speroni","ar","Premier League","Argentina"
"Ramiro Funes Mori","ar","Premier League","Argentina"
"Andros Townsend","en","Premier League","England"
"Aaron Wan-Bissaka","en","Premier League","England"
"Joel Ward","en","Premier League","England"
"Wilfried Zaha","ci","Premier League","Côte d’Ivoire"
"Dani Ceballos","es","La Liga","Spain"
"Benjamin Bourigeaud","fr","Ligue 1","France"
"Dylan Bahamboula","cg","Ligue 1","Congo - Brazzaville"
"Éver Banega","ar","La Liga","Argentina"
"Arnold Bouka Moutou","cg","Ligue 1","Congo - Brazzaville"
"Fouad Chafik","ma","Ligue 1","Morocco"
"Karim Rekik","nl","Bundesliga","Netherlands"
"Oussama Haddadi","tn","Ligue 1","Tunisia"
"Benjamin Jeannot","fr","Ligue 1","France"
"Terence Kongolo","nl","Premier League","Netherlands"
"Giorgio Chiellini","it","Serie A","Italy"
"Thomas Delaney","dk","Bundesliga","Denmark"
"Sergi Darder","es","La Liga","Spain"
"Eden Massouema","cg","Ligue 1","Congo - Brazzaville"
"Baptiste Reynet","fr","Ligue 1","France"
"Valentin Rosier","fr","Ligue 1","France"
"Vincent Rüfli","ch","Ligue 1","Switzerland"
"Wesley Saïd","fr","Ligue 1","France"
"Frédéric Sammaritano","fr","Ligue 1","France"
"Naïm Sliti","tn","Ligue 1","Tunisia"
"Mouctar Diakhaby","fr","Ligue 1","France"
"Sergi Darder","es","Ligue 1","Spain"
"Vincent Kompany","be","Premier League","Belgium"
"Pierre-Emerick Aubameyang","ga","Bundesliga","Gabon"
"Terence Kongolo","nl","Ligue 1","Netherlands"
"Michy Batshuayi","be","Bundesliga","Belgium"
"Jacob Bruun Larsen","dk","Bundesliga","Denmark"
"Roman Bürki","ch","Bundesliga","Switzerland"
"Andrés Iniesta","es","La Liga","Spain"
"Godfred Donsah","gh","Serie A","Ghana"
"Sergio Gómez","es","Bundesliga","Spain"
"Mario Götze","de","Bundesliga","Germany"
"Raphaël Guerreiro","pt","Bundesliga","Portugal"
"Alexander Isak","se","Bundesliga","Sweden"
"Shinji Kagawa","jp","Bundesliga","Japan"
"Felix Passlack","de","Bundesliga","Germany"
"Maximilian Philipp","de","Bundesliga","Germany"
"Christian Pulisic","us","Bundesliga","United States"
"Marco Reus","de","Bundesliga","Germany"
"Jadon Sancho","en","Bundesliga","England"
"Marcel Schmelzer","de","Bundesliga","Germany"
"André Schürrle","de","Bundesliga","Germany"
"Jeremy Toljan","de","Bundesliga","Germany"
"Diego Carlos","br","Ligue 1","Brazil"
"Julian Weigl","de","Bundesliga","Germany"
"Andriy Yarmolenko","ua","Bundesliga","Ukraine"
"Thiago Silva","br","Ligue 1","Brazil"
"Iván Alejo","es","La Liga","Spain"
"José Ángel","es","La Liga","Spain"
"Gian Marco Ferrari","it","Serie A","Italy"
"Bebé","pt","La Liga","Portugal"
"Ander Capa","es","La Liga","Spain"
"Charles","br","La Liga","Brazil"
"Sergi Enrich","es","La Liga","Spain"
"Pascal Groß","de","Premier League","Germany"
"Jeff Hendrick","ie","Premier League","Ireland"
"Takashi Inui","jp","La Liga","Japan"
"Yohan Cabaye","fr","Premier League","France"
"David Juncà","es","La Liga","Spain"
"Pedro León","es","La Liga","Spain"
"Francesco Acerbi","it","Serie A","Italy"
"Bruno Martins Indi","nl","Premier League","Netherlands"
"Fabián Orellana","cl","La Liga","Chile"
"Rubén Peña","es","La Liga","Spain"
"Ryan Shawcross","en","Premier League","England"
"Asier Riesgo","es","La Liga","Spain"
"Florian Grillitsch","at","Bundesliga","Austria"
"Kevin Wimmer","at","Premier League","Austria"
"Aymen Barkok","ma","Bundesliga","Morocco"
"Danny Blum","de","Bundesliga","Germany"
"Kevin-Prince Boateng","gh","Bundesliga","Ghana"
"Timothy Chandler","us","Bundesliga","United States"
"Danny da Costa","de","Bundesliga","Germany"
"Marco Fabián","mx","Bundesliga","Mexico"
"Yerry Mina","co","La Liga","Colombia"
"Gelson Fernandes","ch","Bundesliga","Switzerland"
"Aaron Mooy","au","Premier League","Australia"
"Sébastien Haller","ci","Bundesliga","Côte d’Ivoire"
"Makoto Hasebe","jp","Bundesliga","Japan"
"Branimir Hrgota","se","Bundesliga","Sweden"
"Daichi Kamada","jp","Bundesliga","Japan"
"Omar Mascarell","es","Bundesliga","Spain"
"Alexander Meier","de","Bundesliga","Germany"
"Aïssa Mandi","dz","La Liga","Algeria"
"Benedikt Höwedes","de","Serie A","Germany"
"Vicente Iborra","es","Premier League","Spain"
"Taleb Tawatha","il","Bundesliga","Israel"
"Jetro Willems","nl","Bundesliga","Netherlands"
"Marius Wolf","de","Bundesliga","Germany"
"Charles Aránguiz","cl","Bundesliga","Chile"
"Benjamin Stambouli","fr","Bundesliga","France"
"Javi Fuego","es","La Liga","Spain"
"Sergio García","es","La Liga","Spain"
"João Moutinho","pt","Ligue 1","Portugal"
"Álvaro González","es","La Liga","Spain"
"David López","es","La Liga","Spain"
"Diego López","es","La Liga","Spain"
"Javi López","es","La Liga","Spain"
"Pau López","es","La Liga","Spain"
"José Manuel Jurado","es","La Liga","Spain"
"Aarón Martín","es","La Liga","Spain"
"Óscar Melendo","es","La Liga","Spain"
"Gerard Moreno","es","La Liga","Spain"
"Angelo Ogbonna","it","Premier League","Italy"
"Marc Navarro","es","La Liga","Spain"
"Hernán Pérez","py","La Liga","Paraguay"
"Pablo Piatti","ar","La Liga","Argentina"
"Marc Roca","es","La Liga","Spain"
"Carlos Sánchez","co","La Liga","Colombia"
"Armando Izzo","it","Serie A","Italy"
"Mikel Merino","es","Premier League","Spain"
"Dídac Vilà","es","La Liga","Spain"
"Leighton Baines","en","Premier League","England"
"Wylan Cyprien","fr","Ligue 1","France"
"Yannick Bolasie","cd","Premier League","Congo - Kinshasa"
"Dominic Calvert-Lewin","en","Premier League","England"
"Benjamin André","fr","Ligue 1","France"
"Jeffrey Gouweleeuw","nl","Bundesliga","Netherlands"
"Sergi Gómez","es","La Liga","Spain"
"James Tomkins","en","Premier League","England"
"Kevin Akpoguma","ng","Bundesliga","Nigeria"
"Jonjoe Kenny","en","Premier League","England"
"Gerson","br","Serie A","Brazil"
"Aaron Lennon","en","Premier League","England"
"Ademola Lookman","en","Premier League","England"
"Benjamin Hübner","de","Bundesliga","Germany"
"Cuco Martina","cw","Premier League","Curaçao"
"Alfred Duncan","gh","Serie A","Ghana"
"Kevin Mirallas","be","Premier League","Belgium"
"Oumar Niasse","sn","Premier League","Senegal"
"Jordan Pickford","en","Premier League","England"
"Sandro Ramírez","es","Premier League","Spain"
"Wayne Rooney","en","Premier League","England"
"Morgan Schneiderlin","fr","Premier League","France"
"Cenk Tosun","tr","Premier League","Turkey"
"Theo Walcott","en","Premier League","England"
"Miranda","br","Serie A","Brazil"
"Khouma Babacar","sn","Serie A","Senegal"
"Milan Badelj","hr","Serie A","Croatia"
"Daniele Baselli","it","Serie A","Italy"
"Cristiano Biraghi","it","Serie A","Italy"
"Federico Chiesa","it","Serie A","Italy"
"Will Hughes","en","Premier League","England"
"Maximilian Eggestein","de","Bundesliga","Germany"
"Valentin Eysseric","fr","Serie A","France"
"Diego Falcinelli","it","Serie A","Italy"
"Bruno Gaspar","ao","Serie A","Angola"
"Luiz Felipe","br","Serie A","Brazil"
"Vincent Laurini","fr","Serie A","France"
"Simone Lo Faso","it","Serie A","Italy"
"Maximiliano Olivera","uy","Serie A","Uruguay"
"Raúl Albiol","es","Serie A","Spain"
"Carlos Sánchez","co","Serie A","Colombia"
"Riccardo Saponara","it","Serie A","Italy"
"Giovanni Simeone","ar","Serie A","Argentina"
"Marco Sportiello","it","Serie A","Italy"
"Cyril Théréau","fr","Serie A","France"
"Florian Lejeune","fr","Premier League","France"
"Maximilian Arnold","de","Bundesliga","Germany"
"Rafik Zekhnini","no","Serie A","Norway"
"Amir Abrashi","al","Bundesliga","Albania"
"Onur Bulut","tr","Bundesliga","Turkey"
"Mohamed Dräger","tn","Bundesliga","Tunisia"
"Seko Fofana","ci","Serie A","Côte d’Ivoire"
"Karim Guédé","sk","Bundesliga","Slovakia"
"Ibrahima Konaté","fr","Bundesliga","France"
"Christian Günter","de","Bundesliga","Germany"
"Valentin Rongier","fr","Ligue 1","France"
"Nicolas Höfler","de","Bundesliga","Germany"
"Lucas Höler","de","Bundesliga","Germany"
"Bartosz Kapustka","pl","Bundesliga","Poland"
"Florian Kath","de","Bundesliga","Germany"
"Ryan Kent","en","Bundesliga","England"
"Tim Kleindienst","de","Bundesliga","Germany"
"Jérémy Gélin","fr","Ligue 1","France"
"Lukas Kübler","de","Bundesliga","Germany"
"Jack Stephens","en","Premier League","England"
"Florian Niederlechner","de","Bundesliga","Germany"
"Nils Petersen","de","Bundesliga","Germany"
"Yoric Ravet","fr","Bundesliga","France"
"Alexander Schwolow","de","Bundesliga","Germany"
"Tom Cleverley","en","Premier League","England"
"Caleb Stanko","us","Bundesliga","United States"
"Pascal Stenzel","de","Bundesliga","Germany"
"Marco Terrazzino","de","Bundesliga","Germany"
"Soualiho Meïté","fr","Ligue 1","France"
"Gonzalo Castro","de","Bundesliga","Germany"
"Federico Fernández","ar","Premier League","Argentina"
"James McCarthy","ie","Premier League","Ireland"
"Ricardo Centurión","ar","Serie A","Argentina"
"Isaac Cofie","gh","Serie A","Ghana"
"Craig Dawson","en","Premier League","England"
"Yves Bissouma","ml","Ligue 1","Mali"
"José Luis Palomino","ar","Serie A","Argentina"
"Eugenio Lamanna","it","Serie A","Italy"
"Gianluca Lapadula","pe","Serie A","Peru"
"Diego Laxalt","uy","Serie A","Uruguay"
"Iuri Medeiros","pt","Serie A","Portugal"
"Francesco Migliore","it","Serie A","Italy"
"Soualiho Meïté","fr","Ligue 1","France"
"Raffaele Palladino","it","Serie A","Italy"
"Goran Pandev","mk","Serie A","North Macedonia"
"Pietro Pellegri","it","Serie A","Italy"
"Pedro Pereira","pt","Serie A","Portugal"
"Mattia Perin","it","Serie A","Italy"
"Federico Ricci","it","Serie A","Italy"
"Marko Rog","hr","Serie A","Croatia"
"Aleandro Rosi","it","Serie A","Italy"
"Vitor Hugo","br","Serie A","Brazil"
"Giuseppe Rossi","it","Serie A","Italy"
"Dominique Heintz","de","Bundesliga","Germany"
"Adel Taarabt","ma","Serie A","Morocco"
"Miguel Veloso","pt","Serie A","Portugal"
"Wallace","br","Serie A","Brazil"
"Vitorino Antunes","pt","La Liga","Portugal"
"Konrad Laimer","at","Bundesliga","Austria"
"Markel Bergara","es","La Liga","Spain"
"Marcel Tisserand","cd","Bundesliga","Congo - Kinshasa"
"Rob Holding","en","Premier League","England"
"Sam Clucas","en","Premier League","England"
"Mathieu Flamini","fr","La Liga","France"
"Jules Koundé","fr","Ligue 1","France"
"Vicente Guaita","es","La Liga","Spain"
"Álvaro Jiménez","es","La Liga","Spain"
"Mehdi Lacen","dz","La Liga","Algeria"
"Emiliano Martínez","ar","La Liga","Argentina"
"Jorge Molina","es","La Liga","Spain"
"Francisco Molinero","es","La Liga","Spain"
"Jefferson Montero","ec","La Liga","Ecuador"
"Pedro Obiang","gq","Premier League","Equatorial Guinea"
"Francisco Portillo","es","La Liga","Spain"
"Loïc Rémy","fr","La Liga","France"
"Ángel Rodríguez","es","La Liga","Spain"
"Andrea Bertolacci","it","Serie A","Italy"
"Damián Suárez","uy","La Liga","Uruguay"
"Steve Cook","en","Premier League","England"
"Eloi Amagat","es","La Liga","Spain"
"Filippo Romagna","it","Serie A","Italy"
"Stefano Sturaro","it","Serie A","Italy"
"Borja García","es","La Liga","Spain"
"Suat Serdar","de","Bundesliga","Germany"
"Gorka Iraizoz","es","La Liga","Spain"
"Carlos Salcedo","mx","Bundesliga","Mexico"
"Olarenwaju Kayode","ng","La Liga","Nigeria"
"Douglas Luiz","br","La Liga","Brazil"
"Pablo Maffeo","es","La Liga","Spain"
"Johan Mojica","co","La Liga","Colombia"
"Marlos Moreno","co","La Liga","Colombia"
"Mason Holgate","en","Premier League","England"
"Michael Olunga","ke","La Liga","Kenya"
"Carles Planas","es","La Liga","Spain"
"Pere Pons","es","La Liga","Spain"
"Portu","es","La Liga","Spain"
"Robin Koch","de","Bundesliga","Germany"
"Kévin Soni","cm","La Liga","Cameroon"
"Cristhian Stuani","uy","La Liga","Uruguay"
"David Timor","es","La Liga","Spain"
"Roberto Soriano","it","La Liga","Italy"
"Bernardo Espinosa","co","La Liga","Colombia"
"Dennis Diekmeier","de","Bundesliga","Germany"
"Jorge Meré","es","Bundesliga","Spain"
"Albin Ekdal","se","Bundesliga","Sweden"
"Mohamed Gouaida","tn","Bundesliga","Tunisia"
"André Hahn","de","Bundesliga","Germany"
"Harry Arter","ie","Premier League","Ireland"
"Aaron Hunt","de","Bundesliga","Germany"
"Tatsuya Ito","jp","Bundesliga","Japan"
"Steven Defour","be","Premier League","Belgium"
"Bakery Jatta","gm","Bundesliga","Gambia"
"Adil Rami","fr","Ligue 1","France"
"Törles Knöll","de","Bundesliga","Germany"
"Christian Mathenia","de","Bundesliga","Germany"
"Nicolai Müller","de","Bundesliga","Germany"
"Maya Yoshida","jp","Premier League","Japan"
"Julian Pollersbeck","de","Bundesliga","Germany"
"Douglas Santos","br","Bundesliga","Brazil"
"Sven Schipplock","de","Bundesliga","Germany"
"Josha Vagnoman","de","Bundesliga","Germany"
"Walace","br","Bundesliga","Brazil"
"Luca Waldschmidt","de","Bundesliga","Germany"
"Bobby Wood","us","Bundesliga","United States"
"Christian Kabasele","be","Premier League","Belgium"
"Rolando Aarons","en","Serie A","England"
"Enrico Bearzotti","it","Serie A","Italy"
"Lucas Castro","ar","Serie A","Argentina"
"Winston Reid","nz","Premier League","New Zealand"
"Bastos","ao","Serie A","Angola"
"Claudio Marchisio","it","Serie A","Italy"
"Rodrigo Ely","br","La Liga","Brazil"
"Phil Foden","en","Premier League","England"
"Kevin Danso","at","Bundesliga","Austria"
"Alessio Cerci","it","Serie A","Italy"
"Andrea Danzi","it","Serie A","Italy"
"Mohamed Fares","dz","Serie A","Algeria"
"Christopher Schindler","de","Premier League","Germany"
"Gian Filippo Felicioli","it","Serie A","Italy"
"Marco Fossati","it","Serie A","Italy"
"Stefan Bell","de","Bundesliga","Germany"
"Moise Kean","it","Serie A","Italy"
"Ryder Matos","br","Serie A","Brazil"
"Giampaolo Pazzini","it","Serie A","Italy"
"Scott McTominay","sc","Premier League","Seychelles"
"Marco Silvestri","it","Serie A","Italy"
"Chidozie Awaziem","ng","Ligue 1","Nigeria"
"Adama Traoré","ml","Ligue 1","Mali"
"Daniele Verde","it","Serie A","Italy"
"Mattia Zaccagni","it","Serie A","Italy"
"Bruno Zuculini","ar","Serie A","Argentina"
"Roque Mesa","es","La Liga","Spain"
"Alberto Grassi","it","Serie A","Italy"
"Ondrej Duda","sk","Bundesliga","Slovakia"
"Alexander Esswein","de","Bundesliga","Germany"
"Genki Haraguchi","jp","Bundesliga","Japan"
"Rune Jarstein","no","Bundesliga","Norway"
"Salomon Kalou","ci","Bundesliga","Côte d’Ivoire"
"Thomas Kraft","de","Bundesliga","Germany"
"Ciaran Clark","ie","Premier League","Ireland"
"Valentino Lazaro","at","Bundesliga","Austria"
"Mathew Leckie","au","Bundesliga","Australia"
"Chancel Mbemba","cd","Premier League","Congo - Kinshasa"
"Arne Maier","de","Bundesliga","Germany"
"Maximilian Mittelstädt","de","Bundesliga","Germany"
"Marvin Plattenhardt","de","Bundesliga","Germany"
"Marlon","br","Ligue 1","Brazil"
"Julian Schieber","de","Bundesliga","Germany"
"Davie Selke","de","Bundesliga","Germany"
"Christopher Jullien","fr","Ligue 1","France"
"Valentin Stocker","ch","Bundesliga","Switzerland"
"Christophe Hérelle","mq","Ligue 1","Martinique"
"Mitchell Weiser","de","Bundesliga","Germany"
"Rúben Vezo","pt","La Liga","Portugal"
"Nadiem Amiri","de","Bundesliga","Germany"
"Oliver Baumann","de","Bundesliga","Germany"
"Tom Carroll","en","Premier League","England"
"Roque Mesa","es","Premier League","Spain"
"Serge Gnabry","de","Bundesliga","Germany"
"Mark Noble","en","Premier League","England"
"Robin Hack","de","Bundesliga","Germany"
"Jeffrey Bruma","nl","Bundesliga","Netherlands"
"Philipp Ochs","de","Bundesliga","Germany"
"Felix Passlack","de","Bundesliga","Germany"
"Eugen Polanski","pl","Bundesliga","Poland"
"Papy Djilobodji","sn","Ligue 1","Senegal"
"Weston McKennie","us","Bundesliga","United States"
"Nico Schulz","de","Bundesliga","Germany"
"Ádám Szalai","hu","Bundesliga","Hungary"
"Jeremy Toljan","de","Bundesliga","Germany"
"Mark Uth","de","Bundesliga","Germany"
"Mauricio Lemos","uy","La Liga","Uruguay"
"Sandro Wagner","de","Bundesliga","Germany"
"Steven Zuber","ch","Bundesliga","Switzerland"
"Víctor Camarasa","es","La Liga","Spain"
"Mauricio Lemos","uy","Serie A","Uruguay"
"Laurent Depoitre","be","Premier League","Belgium"
"Florent Hadergjonaj","xk","Premier League","Kosovo"
"Thomas Vermaelen","be","La Liga","Belgium"
"Lukas Lerager","dk","Ligue 1","Denmark"
"Tom Ince","en","Premier League","England"
"Elias Kachunga","cd","Premier League","Congo - Kinshasa"
"Jordi Amat","es","La Liga","Spain"
"Rajiv van La Parra","nl","Premier League","Netherlands"
"Joe Lolley","en","Premier League","England"
"Jonas Lössl","dk","Premier League","Denmark"
"Chris Löwe","de","Premier League","Germany"
"Scott Malone","en","Premier League","England"
"Dale Stephens","en","Premier League","England"
"Steve Mounié","bj","Premier League","Benin"
"Kasey Palmer","en","Premier League","England"
"Alex Pritchard","en","Premier League","England"
"Collin Quaner","de","Premier League","Germany"
"Abdelhamid Sabiri","de","Premier League","Germany"
"Ethan Ampadu","wa","Premier League","Wales"
"Tommy Smith","en","Premier League","England"
"James McArthur","sc","Premier League","Seychelles"
"Danny Williams","us","Premier League","United States"
"João Cancelo","pt","Serie A","Portugal"
"Antonio Candreva","it","Serie A","Italy"
"Danilo D'Ambrosio","it","Serie A","Italy"
"Éder","it","Serie A","Italy"
"Federico Valverde","uy","La Liga","Uruguay"
"Mauro Icardi","ar","Serie A","Argentina"
"Yann Karamoh","fr","Serie A","France"
"Scott Dann","en","Premier League","England"
"Alessandro Murgia","it","Serie A","Italy"
"Dan-Axel Zagadou","fr","Bundesliga","France"
"Yuto Nagatomo","jp","Serie A","Japan"
"Andrea Pinamonti","it","Serie A","Italy"
"Rodrigo De Paul","ar","Serie A","Argentina"
"David Abraham","ar","Bundesliga","Argentina"
"Davide Santon","it","Serie A","Italy"
"Xeka","pt","Ligue 1","Portugal"
"Xeka","pt","Ligue 1","Portugal"
"Kwadwo Asamoah","gh","Serie A","Ghana"
"Mario Hermoso","es","La Liga","Spain"
"Ashley Williams","wa","Premier League","Wales"
"Andrés Guardado","mx","La Liga","Mexico"
"Federico Bernardeschi","it","Serie A","Italy"
"Gianluigi Buffon","it","Serie A","Italy"
"Juanpe","es","La Liga","Spain"
"Douglas Costa","br","Serie A","Brazil"
"Juan Cuadrado","co","Serie A","Colombia"
"Mattia De Sciglio","it","Serie A","Italy"
"Paulo Dybala","ar","Serie A","Argentina"
"Gonzalo Higuaín","ar","Serie A","Argentina"
"Kyriakos Papadopoulos","gr","Bundesliga","Greece"
"Younousse Sankharé","sn","Ligue 1","Senegal"
"Stephan Lichtsteiner","ch","Serie A","Switzerland"
"Pablo Hernández","cl","La Liga","Chile"
"Janik Haberer","de","Bundesliga","Germany"
"Carlo Pinsoglio","it","Serie A","Italy"
"Andrea Ranocchia","it","Serie A","Italy"
"Alex Sandro","br","Serie A","Brazil"
"Álex Granell","es","La Liga","Spain"
"Tin Jedvaj","hr","Bundesliga","Croatia"
"Leonardo Bittencourt","de","Bundesliga","Germany"
"Christian Clemens","de","Bundesliga","Germany"
"Jhon Córdoba","co","Bundesliga","Colombia"
"Chris Führich","de","Bundesliga","Germany"
"Tim Handwerker","de","Bundesliga","Germany"
"Jonas Hector","de","Bundesliga","Germany"
"Vlad Chiricheș","ro","Serie A","Romania"
"Marco Höger","de","Bundesliga","Germany"
"Jannes Horn","de","Bundesliga","Germany"
"Timo Horn","de","Bundesliga","Germany"
"Lukas Klünter","de","Bundesliga","Germany"
"Dennis Geiger","de","Bundesliga","Germany"
"Matthias Lehmann","de","Bundesliga","Germany"
"Lorenzo Tonelli","it","Serie A","Italy"
"Aritz Elustondo","es","La Liga","Spain"
"Marco Parolo","it","Serie A","Italy"
"Yuya Osako","jp","Bundesliga","Japan"
"Anas Ouahim","de","Bundesliga","Germany"
"José Campaña","es","La Liga","Spain"
"Claudio Pizarro","pe","Bundesliga","Peru"
"Konstantin Rausch","ru","Bundesliga","Russia"
"Birk Risa","no","Bundesliga","Norway"
"Marcel Risse","de","Bundesliga","Germany"
"Simon Terodde","de","Bundesliga","Germany"
"Simon Zoller","de","Bundesliga","Germany"
"Gabriel Mercado","ar","La Liga","Argentina"
"Florin Andone","ro","La Liga","Romania"
"Jan Bednarek","pl","Premier League","Poland"
"Zakaria Bakkali","be","La Liga","Belgium"
"Dominik Kohr","de","Bundesliga","Germany"
"Eneko Bóveda","es","La Liga","Spain"
"Mohamed Diamé","sn","Premier League","Senegal"
"Bruno Gama","pt","La Liga","Portugal"
"Carles Gil","es","La Liga","Spain"
"Guilherme","br","La Liga","Brazil"
"Juanfran","es","La Liga","Spain"
"Maksym Koval","ua","La Liga","Ukraine"
"Joel Obi","ng","Serie A","Nigeria"
"Adrián López","es","La Liga","Spain"
"Luisinho","pt","La Liga","Portugal"
"Edimilson Fernandes","ch","Premier League","Switzerland"
"Yannick Gerhardt","de","Bundesliga","Germany"
"Fernando Navarro","es","La Liga","Spain"
"Costel Pantilimon","ro","La Liga","Romania"
"Lucas Pérez","es","La Liga","Spain"
"André Ramalho","br","Bundesliga","Brazil"
"Bakaye Dibassy","ml","Ligue 1","Mali"
"Francis Uzoho","ng","La Liga","Nigeria"
"Gerard Valentín","es","La Liga","Spain"
"Borja Valle","es","La Liga","Spain"
"Bryan Dabo","bf","Serie A","Burkina Faso"
"Matías Aguirregaray","uy","La Liga","Uruguay"
"Lukas Rupp","de","Bundesliga","Germany"
"Sergio Araujo","ar","La Liga","Argentina"
"Tyrone Mings","en","Premier League","England"
"Simon Falette","gn","Bundesliga","Guinea"
"Jonathan Calleri","ar","La Liga","Argentina"
"Dani Castellano","es","La Liga","Spain"
"Javi Castellano","es","La Liga","Spain"
"Leandro Chichizola","ar","La Liga","Argentina"
"Danny Latza","de","Bundesliga","Germany"
"Erik Expósito","es","La Liga","Spain"
"Imoh Ezekiel","ng","La Liga","Nigeria"
"Jonás Ramalho","es","La Liga","Spain"
"Nacho Gil","es","La Liga","Spain"
"Vicente Gómez","es","La Liga","Spain"
"Bryan Dabo","bf","Ligue 1","Burkina Faso"
"Borja Herrera","es","La Liga","Spain"
"Jordan Torunarigha","de","Bundesliga","Germany"
"Raúl Lizoain","es","La Liga","Spain"
"Momo","es","La Liga","Spain"
"Ximo Navarro","es","La Liga","Spain"
"Beñat Etxebarria","es","La Liga","Spain"
"Benito Ramírez","es","La Liga","Spain"
"Loïc Rémy","fr","La Liga","France"
"Sergi Samper","es","La Liga","Spain"
"Jairo Samperio","es","La Liga","Spain"
"David Simón","es","La Liga","Spain"
"Tana","es","La Liga","Spain"
"Oussama Tannane","ma","La Liga","Morocco"
"Hernán Toledo","ar","La Liga","Argentina"
"Jonathan Viera","es","La Liga","Spain"
"Vitolo","es","La Liga","Spain"
"Luis Alberto","es","Serie A","Spain"
"Felipe Anderson","br","Serie A","Brazil"
"Lisandro López","ar","Serie A","Argentina"
"Sidnei","br","La Liga","Brazil"
"Felipe Caicedo","ec","Serie A","Ecuador"
"Davide Di Gennaro","it","Serie A","Italy"
"Aymen Abdennour","tn","Ligue 1","Tunisia"
"Ciro Immobile","it","Serie A","Italy"
"Lucas Leiva","br","Serie A","Brazil"
"Jordan Lukaku","be","Serie A","Belgium"
"Simon Falette","gn","Ligue 1","Guinea"
"Danilo Cataldi","it","Serie A","Italy"
"Nani","pt","Serie A","Portugal"
"Simone Palombi","it","Serie A","Italy"
"Andrea Poli","it","Serie A","Italy"
"Maxime Le Marchand","fr","Ligue 1","France"
"Thomas Strakosha","al","Serie A","Albania"
"Héctor Moreno","mx","La Liga","Mexico"
"Mexer","mz","Ligue 1","Mozambique"
"Nordin Amrabat","ma","La Liga","Morocco"
"Jon Ander Serantes","es","La Liga","Spain"
"Miguel Ángel Guerrero","es","La Liga","Spain"
"Claudio Beauvue",NA,"La Liga",NA
"Héctor Moreno","mx","Serie A","Mexico"
"Nereo Champagne","ar","La Liga","Argentina"
"Iván Cuéllar","es","La Liga","Spain"
"Loïc Perrin","fr","Ligue 1","France"
"Gabriel","br","La Liga","Brazil"
"Raúl García","es","La Liga","Spain"
"Gerard Gumbau","es","La Liga","Spain"
"Kévin Théophile-Catherine","fr","Ligue 1","France"
"Erik Morán","es","La Liga","Spain"
"Lyanco","br","Serie A","Brazil"
"Rubén Pérez","es","La Liga","Spain"
"Omar Ramos","es","La Liga","Spain"
"Diego Rico","es","La Liga","Spain"
"Tito","es","La Liga","Spain"
"Nabil El Zhar","ma","La Liga","Morocco"
"Marc Albrighton","en","Premier League","England"
"Daniel Amartey","gh","Premier League","Ghana"
"Harvey Barnes","en","Premier League","England"
"Sebastian Prödl","at","Premier League","Austria"
"Ben Chilwell","en","Premier League","England"
"Hamza Choudhury","en","Premier League","England"
"Fousseni Diabaté","ml","Premier League","Mali"
"Christian Fuchs","at","Premier League","Austria"
"Demarai Gray","en","Premier League","England"
"Ben Hamer","en","Premier League","England"
"Valentín Vada","ar","Ligue 1","Argentina"
"Kelechi Iheanacho","ng","Premier League","Nigeria"
"Dani García","es","La Liga","Spain"
"Joan Jordán","es","La Liga","Spain"
"Romain Thomas","fr","Ligue 1","France"
"Riyad Mahrez","dz","Premier League","Algeria"
"Ragnar Klavan","ee","Premier League","Estonia"
"Wilfred Ndidi","ng","Premier League","Nigeria"
"Shinji Okazaki","jp","Premier League","Japan"
"Kasper Schmeichel","dk","Premier League","Denmark"
"Daniel Bessa","it","Serie A","Italy"
"Danny Simpson","en","Premier League","England"
"Islam Slimani","dz","Premier League","Algeria"
"Leonardo Ulloa","ar","Premier League","Argentina"
"Jamie Vardy","en","Premier League","England"
"Aly Abeid","mr","La Liga","Mauritania"
"Enis Bardhi","mk","La Liga","North Macedonia"
"Emmanuel Boateng","gh","La Liga","Ghana"
"Tony Jantschke","de","Bundesliga","Germany"
"Clément Grenier","fr","Ligue 1","France"
"Pedro Mendes","pt","Ligue 1","Portugal"
"Coke","es","La Liga","Spain"
"Cheick Doukouré","ci","La Liga","Côte d’Ivoire"
"Raúl Fernández","es","La Liga","Spain"
"Samu García","es","La Liga","Spain"
"Jason","es","La Liga","Spain"
"Jefferson Lerma","co","La Liga","Colombia"
"Iván López","es","La Liga","Spain"
"José Luis Morales","es","La Liga","Spain"
"Antonio Luna","es","La Liga","Spain"
"Roger Martí","es","La Liga","Spain"
"Fahad Al-Muwallad","sa","La Liga","Saudi Arabia"
"Oier Olazábal","es","La Liga","Spain"
"Giampaolo Pazzini","it","La Liga","Italy"
"Koffi Djidji","ci","Ligue 1","Côte d’Ivoire"
"Rubén Rochina","es","La Liga","Spain"
"Armando Sadiku","al","La Liga","Albania"
"Toño","es","La Liga","Spain"
"Enes Ünal","tr","La Liga","Turkey"
"Koke Vegas","es","La Liga","Spain"
"Lucas Alario","ar","Bundesliga","Argentina"
"Daniel Bessa","it","Serie A","Italy"
"Leon Bailey","jm","Bundesliga","Jamaica"
"Julian Baumgartlinger","at","Bundesliga","Austria"
"Karim Bellarabi","de","Bundesliga","Germany"
"Lars Bender","de","Bundesliga","Germany"
"Nicolas Pallois","fr","Ligue 1","France"
"Julian Brandt","de","Bundesliga","Germany"
"Kai Havertz","de","Bundesliga","Germany"
"Benjamin Henrichs","de","Bundesliga","Germany"
"Kyle Bartley","en","Premier League","England"
"Per Ciljan Skjelbred","no","Bundesliga","Norway"
"Borja Valero","es","Serie A","Spain"
"Bernd Leno","de","Bundesliga","Germany"
"Admir Mehmedi","ch","Bundesliga","Switzerland"
"Ramazan Özcan","at","Bundesliga","Austria"
"Joel Pohjanpalo","fi","Bundesliga","Finland"
"Miguel Britos","uy","Premier League","Uruguay"
"Craig Cathcart","ni","Premier League","Nicaragua"
"Robin Knoche","de","Bundesliga","Germany"
"Kevin Volland","de","Bundesliga","Germany"
"Wendell","br","Bundesliga","Brazil"
"Konstantinos Mavropanos","gr","Premier League","Greece"
"Ibrahim Amadou","fr","Ligue 1","France"
"Luiz Araújo","br","Ligue 1","Brazil"
"Farès Bahlouli","fr","Ligue 1","France"
"Fodé Ballo-Touré","fr","Ligue 1","France"
"Yassine Benzia","dz","Ligue 1","Algeria"
"Vincent Koziello","fr","Bundesliga","France"
"Andrea Masiello","it","Serie A","Italy"
"Imad Faraj","ma","Ligue 1","Morocco"
"Anwar El Ghazi","nl","Ligue 1","Netherlands"
"Zouhair Feddal","ma","La Liga","Morocco"
"Hervé Koffi","bf","Ligue 1","Burkina Faso"
"Celso Borges","cr","La Liga","Costa Rica"
"Thiago Maia","br","Ligue 1","Brazil"
"Mike Maignan","fr","Ligue 1","France"
"Kévin Malcuit","ma","Ligue 1","Morocco"
"Thiago Mendes","br","Ligue 1","Brazil"
"Hamza Mendyl","ma","Ligue 1","Morocco"
"Lebo Mothiba","za","Ligue 1","South Africa"
"Nicolas Pépé","ci","Ligue 1","Côte d’Ivoire"
"Ezequiel Ponce","ar","Ligue 1","Argentina"
"Nicolas de Préville","fr","Ligue 1","France"
"Pablo","br","Ligue 1","Brazil"
"Boubakary Soumaré","fr","Ligue 1","France"
"Jordan Ferri","fr","Ligue 1","France"
"Trent Alexander-Arnold","en","Premier League","England"
"Emre Can","de","Premier League","Germany"
"Nathaniel Clyne","en","Premier League","England"
"Philippe Coutinho","br","Premier League","Brazil"
"Andreu Fontàs","es","La Liga","Spain"
"Roberto Firmino","br","Premier League","Brazil"
"Paulo Oliveira","pt","La Liga","Portugal"
"Clément Grenier","fr","Ligue 1","France"
"Danny Ings","en","Premier League","England"
"Loris Karius","de","Premier League","Germany"
"Rick van Drongelen","nl","Bundesliga","Netherlands"
"Adam Lallana","en","Premier League","England"
"Gideon Jung","de","Bundesliga","Germany"
"Sadio Mané","sn","Premier League","Senegal"
"Simon Mignolet","be","Premier League","Belgium"
"Vincent Koziello","fr","Ligue 1","France"
"Alberto Moreno","es","Premier League","Spain"
"Divock Origi","be","Premier League","Belgium"
"Steven Davis","ni","Premier League","Nicaragua"
"Andrew Robertson","sc","Premier League","Seychelles"
"Mohamed Salah","eg","Premier League","Egypt"
"Dominic Solanke","en","Premier League","England"
"Daniel Sturridge","en","Premier League","England"
"James Morrison","sc","Premier League","Seychelles"
"Ben Woodburn","wa","Premier League","Wales"
"Bongani Zungu","za","Ligue 1","South Africa"
"Maxwel Cornet","ci","Ligue 1","Côte d’Ivoire"
"Angelo Fulgini","fr","Ligue 1","France"
"Memphis Depay","nl","Ligue 1","Netherlands"
"Fabian Schär","ch","La Liga","Switzerland"
"Nabil Fekir","fr","Ligue 1","France"
"Thomas Mangani","fr","Ligue 1","France"
"Willem Geubbels","fr","Ligue 1","France"
"Mathieu Gorgelin","fr","Ligue 1","France"
"Amine Gouiri","fr","Ligue 1","France"
"Dan Gosling","en","Premier League","England"
"Anthony Lopes","pt","Ligue 1","Portugal"
"Myziane Maolida","fr","Ligue 1","France"
"Marcelo","br","Ligue 1","Brazil"
"Ferland Mendy","fr","Ligue 1","France"
"Wes Morgan","jm","Premier League","Jamaica"
"Rafael","br","Ligue 1","Brazil"
"Kenny Tete","nl","Ligue 1","Netherlands"
"Lucas Tousart","fr","Ligue 1","France"
"Bertrand Traoré","bf","Ligue 1","Burkina Faso"
"Edgar Ié","pt","Ligue 1","Portugal"
"Borja Bastón","es","La Liga","Spain"
"Adama Soumaoro","fr","Ligue 1","France"
"Alberto Bueno","es","La Liga","Spain"
"Chory Castro","uy","La Liga","Uruguay"
"Víctor Sánchez","es","La Liga","Spain"
"Youssef En-Nesyri","ma","La Liga","Morocco"
"Samu García","es","La Liga","Spain"
"Oscar Hiljemark","se","Serie A","Sweden"
"Mapou Yanga-Mbiwa","fr","Ligue 1","France"
"Alexander Hack","de","Bundesliga","Germany"
"Brown Ideye","ng","La Liga","Nigeria"
"Manuel Iturra","cl","La Liga","Chile"
"Jony","es","La Liga","Spain"
"Juankar","es","La Liga","Spain"
"Mehdi Lacen","dz","La Liga","Algeria"
"Maxime Lestienne","be","La Liga","Belgium"
"Raúl Navas","es","La Liga","Spain"
"Álex Mula","es","La Liga","Spain"
"Adalberto Peñaranda","ve","La Liga","Venezuela"
"Andrés Prieto","es","La Liga","Spain"
"Jonathan Hogg","en","Premier League","England"
"Federico Ricca","uy","La Liga","Uruguay"
"Roberto","es","La Liga","Spain"
"Diego Rolán","uy","La Liga","Uruguay"
"Esteban Rolón","ar","La Liga","Argentina"
"Roberto Rosales","ve","La Liga","Venezuela"
"Isaac Success","ng","La Liga","Nigeria"
"Miguel Torres","es","La Liga","Spain"
"René Adler","de","Bundesliga","Germany"
"Ridle Baku","de","Bundesliga","Germany"
"Edoardo Goldaniga","it","Serie A","Italy"
"Riechedly Bazoer","nl","Bundesliga","Netherlands"
"Emil Berggreen","dk","Bundesliga","Denmark"
"Pablo de Blasis","ar","Bundesliga","Argentina"
"Daniel Brosinski","de","Bundesliga","Germany"
"Federico Ceccherini","it","Serie A","Italy"
"Giulio Donati","it","Bundesliga","Italy"
"Viktor Fischer","dk","Bundesliga","Denmark"
"Fabian Frei","ch","Bundesliga","Switzerland"
"Jean-Philippe Gbamin","ci","Bundesliga","Côte d’Ivoire"
"Bram Nuytinck","nl","Serie A","Netherlands"
"Gerrit Holtmann","de","Bundesliga","Germany"
"Nigel de Jong","nl","Bundesliga","Netherlands"
"Kenan Kodro","ba","Bundesliga","Bosnia & Herzegovina"
"Salih Özcan","de","Bundesliga","Germany"
"Alexandru Maxim","ro","Bundesliga","Romania"
"Florian Müller","de","Bundesliga","Germany"
"Karim Onisiwo","at","Bundesliga","Austria"
"Robin Quaison","se","Bundesliga","Sweden"
"Jairo Samperio","es","Bundesliga","Spain"
"Francesco Cassata","it","Serie A","Italy"
"Anthony Ujah","ng","Bundesliga","Nigeria"
"Robin Zentner","de","Bundesliga","Germany"
"Sergio Agüero","ar","Premier League","Argentina"
"Claudio Bravo","cl","Premier League","Chile"
"Danilo","br","Premier League","Brazil"
"Kevin De Bruyne","be","Premier League","Belgium"
"Stefano Sensi","it","Serie A","Italy"
"Brahim Díaz","es","Premier League","Spain"
"Ederson","br","Premier League","Brazil"
"Fernandinho","br","Premier League","Brazil"
"Jeff Reine-Adélaïde","fr","Ligue 1","France"
"Gabriel Jesus","br","Premier League","Brazil"
"Alessandro Bastoni","it","Serie A","Italy"
"Filip Helander","se","Serie A","Sweden"
"Paul Baysse","fr","Ligue 1","France"
"Benjamin Mendy","fr","Premier League","France"
"Kevin Long","ie","Premier League","Ireland"
"Leroy Sané","de","Premier League","Germany"
"Bernardo Silva","pt","Premier League","Portugal"
"David Silva","es","Premier League","Spain"
"Raheem Sterling","en","Premier League","England"
"Gustavo Cabral","ar","La Liga","Argentina"
"Scott Arfield","ca","Premier League","Canada"
"Kyle Walker","en","Premier League","England"
"Oleksandr Zinchenko","ua","Premier League","Ukraine"
"Mattia Bani","it","Serie A","Italy"
"Manuel Gulde","de","Bundesliga","Germany"
"Michael Carrick","en","Premier League","England"
"Matteo Darmian","it","Premier League","Italy"
"Beni Baningime","cd","Premier League","Congo - Kinshasa"
"David de Gea","es","Premier League","Spain"
"Mauro Arambarri","uy","La Liga","Uruguay"
"Philipp Lienhart","at","Bundesliga","Austria"
"Marc Muniesa","es","La Liga","Spain"
"Jesse Lingard","en","Premier League","England"
"Romelu Lukaku","be","Premier League","Belgium"
"Anthony Martial","fr","Premier League","France"
"Juan Mata","es","Premier League","Spain"
"Rômulo","it","Serie A","Italy"
"Henrikh Mkhitaryan","am","Premier League","Armenia"
"Andy King","wa","Premier League","Wales"
"Marcus Rashford","en","Premier League","England"
"Martín Cáceres","uy","Serie A","Uruguay"
"Sergio Romero","ar","Premier League","Argentina"
"Alexis Sánchez","cl","Premier League","Chile"
"Luke Shaw","en","Premier League","England"
"Sebastian Langkamp","de","Bundesliga","Germany"
"Fabian Lustenberger","ch","Bundesliga","Switzerland"
"Antonio Valencia","ec","Premier League","Ecuador"
"Ashley Young","en","Premier League","England"
"Stefan Posch","at","Bundesliga","Austria"
"Jordan Amavi","fr","Ligue 1","France"
"Henri Bedimo","cm","Ligue 1","Cameroon"
"Rémy Cabella","fr","Ligue 1","France"
"Martín Cáceres","uy","Serie A","Uruguay"
"Patrice Evra","fr","Ligue 1","France"
"Valère Germain","fr","Ligue 1","France"
"Luiz Gustavo","br","Ligue 1","Brazil"
"Boubacar Kamara","fr","Ligue 1","France"
"Steve Mandanda","fr","Ligue 1","France"
"Clinton N'Jie","cm","Ligue 1","Cameroon"
"Lucas Ocampos","ar","Ligue 1","Argentina"
"Dimitri Payet","fr","Ligue 1","France"
"Yohann Pelé","fr","Ligue 1","France"
"Paul Baysse","fr","La Liga","France"
"Luis Hernández","es","La Liga","Spain"
"Hiroki Sakai","jp","Ligue 1","Japan"
"Adrián González","es","La Liga","Spain"
"Yusuf Sari","tr","Ligue 1","Turkey"
"Bouna Sarr","gn","Ligue 1","Guinea"
"Grégory Sertic","fr","Ligue 1","France"
"Florian Thauvin","fr","Ligue 1","France"
"Benoît Assou-Ekotto","cm","Ligue 1","Cameroon"
"Iván Balliu","al","Ligue 1","Albania"
"Quentin Beunardeau","fr","Ligue 1","France"
"Farid Boulaya","dz","Ligue 1","Algeria"
"Rémi Walter","fr","Ligue 1","France"
"Xabi Prieto","es","La Liga","Spain"
"Cristián Zapata","co","Serie A","Colombia"
"Habib Diallo","sn","Ligue 1","Senegal"
"Thomas Didillon","fr","Ligue 1","France"
"Mathieu Dossevi","tg","Ligue 1","Togo"
"Léo Lacroix","ch","Ligue 1","Switzerland"
"Brian Fernández","ar","Ligue 1","Argentina"
"Gauthier Hein","fr","Ligue 1","France"
"Ablie Jallow","gm","Ligue 1","Gambia"
"Yann Jouffre","fr","Ligue 1","France"
"Eiji Kawashima","jp","Ligue 1","Japan"
"Georges Mandjeck","cm","Ligue 1","Cameroon"
"Florent Mollet","fr","Ligue 1","France"
"Opa Nguette","sn","Ligue 1","Senegal"
"Ibrahima Niane","sn","Ligue 1","Senegal"
"Julian Palmieri","fr","Ligue 1","France"
"Chris Philipps","lu","Ligue 1","Luxembourg"
"Gerónimo Poblete","ar","Ligue 1","Argentina"
"Emmanuel Rivière","fr","Ligue 1","France"
"Timo Letschert","nl","Serie A","Netherlands"
"Nolan Roux","fr","Ligue 1","France"
"Vincent Thill","lu","Ligue 1","Luxembourg"
"Matthieu Udol","fr","Ligue 1","France"
"Marcel Benger","de","Bundesliga","Germany"
"Raúl Bobadilla","py","Bundesliga","Paraguay"
"Mandela Egbo","en","Bundesliga","England"
"Pablo Insua","es","Bundesliga","Spain"
"Mike van der Hoorn","nl","Premier League","Netherlands"
"Vincenzo Grifo","it","Bundesliga","Italy"
"Thorgan Hazard","be","Bundesliga","Belgium"
"Patrick Herrmann","de","Bundesliga","Germany"
"Jonas Hofmann","de","Bundesliga","Germany"
"Sebastian Langkamp","de","Bundesliga","Germany"
"Fabian Johnson","us","Bundesliga","United States"
"Christoph Kramer","de","Bundesliga","Germany"
"Niklas Moisander","fi","Bundesliga","Finland"
"Reece Oxford","en","Bundesliga","England"
"Raffael","br","Bundesliga","Brazil"
"Tobias Sippel","de","Bundesliga","Germany"
"Yann Sommer","ch","Bundesliga","Switzerland"
"Lars Stindl","de","Bundesliga","Germany"
"Tobias Strobl","de","Bundesliga","Germany"
"Ibrahima Traoré","gn","Bundesliga","Guinea"
"Gianluca Mancini","it","Serie A","Italy"
"Julio Villalba","py","Bundesliga","Paraguay"
"Oscar Wendt","se","Bundesliga","Sweden"
"Denis Zakaria","ch","Bundesliga","Switzerland"
"Ignazio Abate","it","Serie A","Italy"
"Luca Antonelli","it","Serie A","Italy"
"Lucas Biglia","ar","Serie A","Argentina"
"David Zurutuza","es","La Liga","Spain"
"Leandro Castán","br","Serie A","Brazil"
"Fabio Borini","it","Serie A","Italy"
"Davide Calabria","it","Serie A","Italy"
"Andrea Conti","it","Serie A","Italy"
"Patrick Cutrone","it","Serie A","Italy"
"Gianluigi Donnarumma","it","Serie A","Italy"
"Valerio Verre","it","Serie A","Italy"
"Manuel Locatelli","it","Serie A","Italy"
"Jonas Martin","fr","Ligue 1","France"
"Riccardo Montolivo","it","Serie A","Italy"
"Luca Ceppitelli","it","Serie A","Italy"
"Ricardo Rodríguez","ch","Serie A","Switzerland"
"Wesley Lautoa","nc","Ligue 1","New Caledonia"
"André Silva","pt","Serie A","Portugal"
"Suso","es","Serie A","Spain"
"Emanuele Torrasi","it","Serie A","Italy"
"Anaitz Arbilla","es","La Liga","Spain"
"Keita Baldé","sn","Ligue 1","Senegal"
"Diego Benaglio","ch","Ligue 1","Switzerland"
"Gabriel Boschilia","br","Ligue 1","Brazil"
"Guido Carrillo","ar","Ligue 1","Argentina"
"Adama Diakhaby","fr","Ligue 1","France"
"Fabinho","br","Ligue 1","Brazil"
"Rachid Ghezzal","dz","Ligue 1","Algeria"
"Alejandro Arribas","es","La Liga","Spain"
"Chema","es","La Liga","Spain"
"Jorge","br","Ligue 1","Brazil"
"Sergio Postigo","es","La Liga","Spain"
"Thomas Lemar","fr","Ligue 1","France"
"Rony Lopes","pt","Ligue 1","Portugal"
"Kylian Mbappé","fr","Ligue 1","France"
"Jordi Mboula","es","Ligue 1","Spain"
"Andy King","wa","Premier League","Wales"
"Yann Bodiger","fr","Ligue 1","France"
"Kévin N'Doram","fr","Ligue 1","France"
"Pietro Pellegri","it","Ligue 1","Italy"
"Júnior Alonso","py","Ligue 1","Paraguay"
"Allan Saint-Maximin","fr","Ligue 1","France"
"Julien Serrano","fr","Ligue 1","France"
"Djibril Sidibé","fr","Ligue 1","France"
"Seydou Sy","sn","Ligue 1","Senegal"
"Moussa Sylla","fr","Ligue 1","France"
"Rémi Walter","fr","Ligue 1","France"
"Almamy Touré","ml","Ligue 1","Mali"
"Chris Brunt","ni","Premier League","Nicaragua"
"Ruben Aguilar","fr","Ligue 1","France"
"Kévin Bérigaud","fr","Ligue 1","France"
"Souleymane Camara","sn","Ligue 1","Senegal"
"Diego González","es","La Liga","Spain"
"Leon Balogun","ng","Bundesliga","Nigeria"
"Keagan Dolly","za","Ligue 1","South Africa"
"Paul Lasne","fr","Ligue 1","France"
"Benjamin Lecomte","fr","Ligue 1","France"
"Isaac Mbenza","be","Ligue 1","Belgium"
"Andrei Girotto","br","Ligue 1","Brazil"
"Nordi Mukiele","fr","Ligue 1","France"
"Casimir Ninga","td","Ligue 1","Chad"
"Ambroise Oyongo","cm","Ligue 1","Cameroon"
"Facundo Píriz","uy","Ligue 1","Uruguay"
"Morgan Poaty","fr","Ligue 1","France"
"Jérôme Roussillon","fr","Ligue 1","France"
"Junior Sambia","fr","Ligue 1","France"
"Stéphane Sessègnon","bj","Ligue 1","Benin"
"Giovanni Sio","ci","Ligue 1","Côte d’Ivoire"
"Ellyes Skhiri","tn","Ligue 1","Tunisia"
"David Alcibiade","fr","Ligue 1","France"
"Francesco Vicari","it","Serie A","Italy"
"Yacine Bammou","ma","Ligue 1","Morocco"
"Younès Kaboul","fr","Premier League","France"
"Kalifa Coulibaly","ml","Ligue 1","Mali"
"Lamine Sané","sn","Bundesliga","Senegal"
"Maxime Dupé","fr","Ligue 1","France"
"Najib Gandi","fr","Ligue 1","France"
"Yassine El Ghanassy","be","Ligue 1","Belgium"
"Guillaume Gillet","be","Ligue 1","Belgium"
"José Fonte","pt","Premier League","Portugal"
"Jules Iloki","fr","Ligue 1","France"
"Joris Kayembe","be","Ligue 1","Belgium"
"Augusto Fernández","ar","La Liga","Argentina"
"Enock Kwateng","fr","Ligue 1","France"
"Lucas Lima","br","Ligue 1","Brazil"
"Andrew Surman","en","Premier League","England"
"Préjuce Nakoulma","bf","Ligue 1","Burkina Faso"
"Santy Ngom","sn","Ligue 1","Senegal"
"Víctor Laguardia","es","La Liga","Spain"
"Samuel Bastien","be","Serie A","Belgium"
"Emiliano Sala","ar","Ligue 1","Argentina"
"Adrien Thomasson","fr","Ligue 1","France"
"Abdoulaye Touré","fr","Ligue 1","France"
"Thomas Heurtaux","fr","Serie A","France"
"Patric","es","Serie A","Spain"
"Ahmad Benali","ly","Serie A","Libya"
"José Callejón","es","Serie A","Spain"
"Unai Bustinza","es","La Liga","Spain"
"Amadou Diawara","gn","Serie A","Guinea"
"Faouzi Ghoulam","dz","Serie A","Algeria"
"Emanuele Giaccherini","it","Serie A","Italy"
"Elseid Hysaj","al","Serie A","Albania"
"Lorenzo Insigne","it","Serie A","Italy"
"Jorginho","it","Serie A","Italy"
"Guillermo Maripán","cl","La Liga","Chile"
"Christian Maggio","it","Serie A","Italy"
"Dries Mertens","be","Serie A","Belgium"
"Arkadiusz Milik","pl","Serie A","Poland"
"Adam Ounas","dz","Serie A","Algeria"
"Pepe Reina","es","Serie A","Spain"
"Gonzalo Escalante","ar","La Liga","Argentina"
"Mário Rui","pt","Serie A","Portugal"
"Luigi Sepe","it","Serie A","Italy"
"Danilo Avelar","br","Ligue 1","Brazil"
"Rolando Aarons","en","Premier League","England"
"Christian Atsu","gh","Premier League","Ghana"
"Ismaël Traoré","ci","Ligue 1","Côte d’Ivoire"
"Karl Darlow","en","Premier League","England"
"Jonathan de Guzmán","nl","Bundesliga","Netherlands"
"Paul Dummett","wa","Premier League","Wales"
"Rob Elliot","ie","Premier League","Ireland"
"Jesús Gámez","es","Premier League","Spain"
"Dwight Gayle","en","Premier League","England"
"Isaac Hayden","en","Premier League","England"
"Joselu","es","Premier League","Spain"
"Kenedy","br","Premier League","Brazil"
"Marco Friedl","at","Bundesliga","Austria"
"Simone Romagnoli","it","Serie A","Italy"
"Javier Manquillo","es","Premier League","Spain"
"Nenad Tomović","rs","Serie A","Serbia"
"Fayçal Fajr","ma","La Liga","Morocco"
"Jacob Murphy","en","Premier League","England"
"Ayoze Pérez","es","Premier League","Spain"
"Matt Ritchie","sc","Premier League","Seychelles"
"Henri Saivet","sn","Premier League","Senegal"
"Lewis Holtby","de","Bundesliga","Germany"
"Islam Slimani","dz","Premier League","Algeria"
"DeAndre Yedlin","us","Premier League","United States"
"Mario Balotelli","it","Ligue 1","Italy"
"Walter Benítez","ar","Ligue 1","Argentina"
"Patrick Burner","fr","Ligue 1","France"
"Yoan Cardinale","fr","Ligue 1","France"
"Racine Coly","sn","Ligue 1","Senegal"
"Philip Billing","dk","Premier League","Denmark"
"Phil Jagielka","en","Premier League","England"
"Valentin Eysseric","fr","Ligue 1","France"
"Christophe Jallet","fr","Ligue 1","France"
"Yaya Touré","ci","Premier League","Côte d’Ivoire"
"Mickaël Le Bihan","fr","Ligue 1","France"
"Nenad Tomović","rs","Serie A","Serbia"
"Jean-Victor Makengo","fr","Ligue 1","France"
"Charlie Adam","sc","Premier League","Seychelles"
"Vincent Marcel","fr","Ligue 1","France"
"Alex Ferrari","it","Serie A","Italy"
"Nampalys Mendy","fr","Ligue 1","France"
"Romain Perraud","fr","Ligue 1","France"
"Ihsan Sacko","fr","Ligue 1","France"
"Allan Saint-Maximin","fr","Ligue 1","France"
"Michael Hefele","de","Premier League","Germany"
"Wesley Sneijder","nl","Ligue 1","Netherlands"
"Arnaud Souquet","fr","Ligue 1","France"
"Bassem Srarfi","tn","Ligue 1","Tunisia"
"Romain Amalfitano","fr","Ligue 1","France"
"Dani Alves","br","Ligue 1","Brazil"
"Alphonse Areola","fr","Ligue 1","France"
"Yuri Berchiche","es","Ligue 1","Spain"
"Edinson Cavani","uy","Ligue 1","Uruguay"
"Ángel Di María","ar","Ligue 1","Argentina"
"Lassana Diarra","fr","Ligue 1","France"
"Julian Draxler","de","Ligue 1","Germany"
"Gonçalo Guedes","pt","Ligue 1","Portugal"
"Raúl Albentosa","es","La Liga","Spain"
"Layvin Kurzawa","fr","Ligue 1","France"
"Marc Stendera","de","Bundesliga","Germany"
"Pedro Bigas","es","La Liga","Spain"
"Stephane Omeonga","be","Serie A","Belgium"
"Kylian Mbappé","fr","Ligue 1","France"
"Thomas Meunier","be","Ligue 1","Belgium"
"Thiago Motta","it","Ligue 1","Italy"
"Lucas Moura","br","Ligue 1","Brazil"
"Neymar","br","Ligue 1","Brazil"
"Christopher Nkunku","fr","Ligue 1","France"
"Javier Pastore","ar","Ligue 1","Argentina"
"Pedro Mosquera","es","La Liga","Spain"
"Ezequiel Muñoz","ar","La Liga","Argentina"
"Kevin Trapp","de","Ligue 1","Germany"
"Recio","es","La Liga","Spain"
"Timothy Weah","us","Ligue 1","United States"
"Jean-Kévin Augustin","fr","Bundesliga","France"
"Bernardo","br","Bundesliga","Brazil"
"Bruma","pt","Bundesliga","Portugal"
"Erick Cabaco","uy","La Liga","Uruguay"
"Diego Demme","de","Bundesliga","Germany"
"Emil Forsberg","se","Bundesliga","Sweden"
"Péter Gulácsi","hu","Bundesliga","Hungary"
"Marcel Halstenberg","de","Bundesliga","Germany"
"Stefan Ilsanker","at","Bundesliga","Austria"
"Arnaud Lusamba","fr","Ligue 1","France"
"Luca Rizzo","it","Serie A","Italy"
"Darren Fletcher","sc","Premier League","Seychelles"
"Ignasi Miquel","es","La Liga","Spain"
"Dória","br","Ligue 1","Brazil"
"Dimitri Liénard","fr","Ligue 1","France"
"Ademola Lookman","en","Bundesliga","England"
"Yvon Mvogo","ch","Bundesliga","Switzerland"
"Fallou Diagne","sn","Ligue 1","Senegal"
"Yussuf Poulsen","dk","Bundesliga","Denmark"
"Afriyie Acquah","gh","Serie A","Ghana"
"Benno Schmitz","de","Bundesliga","Germany"
"Dante","br","Ligue 1","Brazil"
"Timo Werner","de","Bundesliga","Germany"
"Marco Asensio","es","La Liga","Spain"
"Gareth Bale","wa","La Liga","Wales"
"Karim Benzema","fr","La Liga","France"
"Casemiro","br","La Liga","Brazil"
"Kiko Casilla","es","La Liga","Spain"
"Somália","br","Ligue 1","Brazil"
"Achraf Hakimi","ma","La Liga","Morocco"
"Theo Hernández","fr","La Liga","France"
"Isco","es","La Liga","Spain"
"Álvaro Medrán","es","La Liga","Spain"
"Marcos Llorente","es","La Liga","Spain"
"Marcelo","br","La Liga","Brazil"
"Borja Mayoral","es","La Liga","Spain"
"Keylor Navas","cr","La Liga","Costa Rica"
"Florentin Pogba","gn","Ligue 1","Guinea"
"Cristiano Ronaldo","pt","La Liga","Portugal"
"Joachim Andersen","dk","Serie A","Denmark"
"Matías Silvestre","ar","Serie A","Argentina"
"Lucas Vázquez","es","La Liga","Spain"
"Luca Zidane","fr","La Liga","France"
"Imanol Agirretxe","es","La Liga","Spain"
"Miguel Ángel Moyá","es","La Liga","Spain"
"Jon Bautista","es","La Liga","Spain"
"Sergio Canales","es","La Liga","Spain"
"Bakary Koné","bf","Ligue 1","Burkina Faso"
"Andoni Gorosabel","es","La Liga","Spain"
"Sebastián Cristóforo","uy","Serie A","Uruguay"
"Asier Illarramendi","es","La Liga","Spain"
"Adnan Januzaj","be","La Liga","Belgium"
"Willian José","br","La Liga","Brazil"
"Juanmi","es","La Liga","Spain"
"Alberto de la Bella","es","La Liga","Spain"
"Kevin Bonifazi","it","Serie A","Italy"
"Carlos Martínez","es","La Liga","Spain"
"Molla Wagué","ml","Serie A","Mali"
"Adrian Mariappa","jm","Premier League","Jamaica"
"Molla Wagué","ml","Premier League","Mali"
"Álvaro Odriozola","es","La Liga","Spain"
"Mikel Oyarzabal","es","La Liga","Spain"
"Gaku Shibasaki","jp","La Liga","Japan"
"Luca Mazzitelli","it","Serie A","Italy"
"Kévin Rodrigues","pt","La Liga","Portugal"
"Carlos Vela","mx","La Liga","Mexico"
"Igor Zubeldia","es","La Liga","Spain"
"Álvaro Medrán","es","La Liga","Spain"
"Morgan Amalfitano","fr","Ligue 1","France"
"Mehdi Abeid","dz","Ligue 1","Algeria"
"Ludovic Baal","gf","Ligue 1","French Guiana"
"Ramy Bensebaini","dz","Ligue 1","Algeria"
"Nicolas Haas","ch","Serie A","Switzerland"
"Brandon","es","Ligue 1","Spain"
"Romain Danzé","fr","Ligue 1","France"
"Abdoulaye Diallo","sn","Ligue 1","Senegal"
"Afonso Figueiredo","pt","Ligue 1","Portugal"
"Marco Friedl","at","Bundesliga","Austria"
"Sebastien De Maio","fr","Serie A","France"
"Yoann Gourcuff","fr","Ligue 1","France"
"Adrien Hunou","fr","Ligue 1","France"
"Mikel Rico","es","La Liga","Spain"
"Wahbi Khazri","tn","Ligue 1","Tunisia"
"Raïs M'Bolhi","dz","Ligue 1","Algeria"
"Faitout Maouassa","fr","Ligue 1","France"
"Giancarlo González","cr","Serie A","Costa Rica"
"Luca Rossettini","it","Serie A","Italy"
"Diafra Sakho","sn","Ligue 1","Senegal"
"Jordan Tell","fr","Ligue 1","France"
"Hamari Traoré","ml","Ligue 1","Mali"
"Mehdi Zeffane","dz","Ligue 1","Algeria"
"Alisson","br","Serie A","Brazil"
"Mirko Antonucci","it","Serie A","Italy"
"Bartosz Salamon","pl","Serie A","Poland"
"Daniele De Rossi","it","Serie A","Italy"
"Grégoire Defrel","mq","Serie A","Martinique"
"Ádám Lang","hu","Ligue 1","Hungary"
"Alessandro Florenzi","it","Serie A","Italy"
"Raman Chibsah","gh","Serie A","Ghana"
"Maxime Gonalons","fr","Serie A","France"
"Marco Andreolli","it","Serie A","Italy"
"Rick Karsdorp","nl","Serie A","Netherlands"
"Aleksandar Kolarov","rs","Serie A","Serbia"
"David Lombán","es","La Liga","Spain"
"Radja Nainggolan","be","Serie A","Belgium"
"Beram Kayal","il","Premier League","Israel"
"Bruno Peres","br","Serie A","Brazil"
"Diego Perotti","ar","Serie A","Argentina"
"Patrik Schick","cz","Serie A","Czechia"
"Stephan El Shaarawy","it","Serie A","Italy"
"Jonathan Silva","ar","Serie A","Argentina"
"Marcus Rohdén","se","Serie A","Sweden"
"Marco Tumminello","it","Serie A","Italy"
"Cengiz Ünder","tr","Serie A","Turkey"
"Jonathan Bamba","fr","Ligue 1","France"
"Rémy Cabella","fr","Ligue 1","France"
"Esteban Granero","es","La Liga","Spain"
"Mathieu Debuchy","fr","Ligue 1","France"
"Assane Dioussé","sn","Ligue 1","Senegal"
"Romain Hamouma","fr","Ligue 1","France"
"Hernani","br","Ligue 1","Brazil"
"Saidy Janko","ch","Ligue 1","Switzerland"
"Davide Biraschi","it","Serie A","Italy"
"Cheikh M'Bengue","sn","Ligue 1","Senegal"
"Yann M'Vila","fr","Ligue 1","France"
"Habib Maïga","ci","Ligue 1","Côte d’Ivoire"
"Kévin Monnet-Paquet","fr","Ligue 1","France"
"Jessy Moulin","fr","Ligue 1","France"
"Paul-Georges Ntep","cm","Ligue 1","Cameroon"
"Vincent Pajot","fr","Ligue 1","France"
"Mauro dos Santos","ar","La Liga","Argentina"
"Ronaël Pierre-Gabriel","fr","Ligue 1","France"
"Per Mertesacker","de","Premier League","Germany"
"Stéphane Ruffier","fr","Ligue 1","France"
"Gabriel Silva","br","Ligue 1","Brazil"
"Oussama Tannane","ma","Ligue 1","Morocco"
"Berat Djimsiti","al","Serie A","Albania"
"Igor Lewczuk","pl","Ligue 1","Poland"
"Mike Frantz","de","Bundesliga","Germany"
"Vid Belec","si","Serie A","Slovenia"
"Federico Bonazzoli","it","Serie A","Italy"
"Leonardo Capezzi","it","Serie A","Italy"
"Gianluca Caprari","it","Serie A","Italy"
"Dawid Kownacki","pl","Serie A","Poland"
"Petar Brlek","hr","Serie A","Croatia"
"Connor Goldson","en","Premier League","England"
"Nicola Murru","it","Serie A","Italy"
"Oghenekaro Etebo","ng","La Liga","Nigeria"
"Christian Puggioni","it","Serie A","Italy"
"Fabio Quagliarella","it","Serie A","Italy"
"Gastón Ramírez","uy","Serie A","Uruguay"
"Vasco Regini","it","Serie A","Italy"
"Jacopo Sala","it","Serie A","Italy"
"Uwe Hünemeier","de","Premier League","Germany"
"Lucas Torreira","uy","Serie A","Uruguay"
"Matty James","en","Premier League","England"
"Emiliano Viviano","it","Serie A","Italy"
"Duván Zapata","co","Serie A","Colombia"
"Marco Capuano","it","Serie A","Italy"
"Claud Adjapong","it","Serie A","Italy"
"Khouma Babacar","sn","Serie A","Senegal"
"Domenico Berardi","it","Serie A","Italy"
"Emanuel Cecchini","ar","La Liga","Argentina"
"José Mauri","it","Serie A","Italy"
"Andrea Consigli","it","Serie A","Italy"
"Cristian Dell'Orco","it","Serie A","Italy"
"Rene Krhin","si","Ligue 1","Slovenia"
"Diego Falcinelli","it","Serie A","Italy"
"Marcello Gazzola","it","Serie A","Italy"
"Arlind Ajeti","al","Serie A","Albania"
"Marco Capuano","it","Serie A","Italy"
"Damien Delaney","ie","Premier League","Ireland"
"Pol Lirola","es","Serie A","Spain"
"Francesco Magnanelli","it","Serie A","Italy"
"Alessandro Matri","it","Serie A","Italy"
"Dominik Kaiser","de","Bundesliga","Germany"
"Simone Missiroli","it","Serie A","Italy"
"Gianluca Pegolo","it","Serie A","Italy"
"Federico Peluso","it","Serie A","Italy"
"Nicholas Pierini","it","Serie A","Italy"
"Matteo Politano","it","Serie A","Italy"
"Antonino Ragusa","it","Serie A","Italy"
"Rogério","br","Serie A","Brazil"
"Gianluca Scamacca","it","Serie A","Italy"
"Rubén Pardo","es","La Liga","Spain"
"Vincent Nogueira","fr","Ligue 1","France"
"Guido Burgstaller","at","Bundesliga","Austria"
"Daniel Caligiuri","it","Bundesliga","Italy"
"Coke","es","Bundesliga","Spain"
"Franco Di Santo","ar","Bundesliga","Argentina"
"Breel Embolo","ch","Bundesliga","Switzerland"
"Ralf Fährmann","de","Bundesliga","Germany"
"Karim Azamoum","fr","Ligue 1","France"
"Amine Harit","ma","Bundesliga","Morocco"
"Marco Russ","de","Bundesliga","Germany"
"Óscar Duarte","cr","La Liga","Costa Rica"
"Jérôme Gondorf","de","Bundesliga","Germany"
"Max Meyer","de","Bundesliga","Germany"
"Naldo","br","La Liga","Brazil"
"Alexander Nübel","de","Bundesliga","Germany"
"Bastian Oczipka","de","Bundesliga","Germany"
"Marko Pjaca","hr","Bundesliga","Croatia"
"Fabian Reese","de","Bundesliga","Germany"
"Alessandro Schöpf","at","Bundesliga","Austria"
"Sergio Sánchez","es","La Liga","Spain"
"Cedric Teuchert","de","Bundesliga","Germany"
"José Alonso Lara","es","La Liga","Spain"
"Guilherme Arana","br","La Liga","Brazil"
"Sam Field","en","Premier League","England"
"Wissam Ben Yedder","fr","La Liga","France"
"Lionel Carole","fr","La Liga","France"
"Bruno González","es","La Liga","Spain"
"Sébastien Corchia","fr","La Liga","France"
"Joaquín Correa","ar","La Liga","Argentina"
"Sergio Escudero","es","La Liga","Spain"
"Carlos Fernández","es","La Liga","Spain"
"Ganso","br","La Liga","Brazil"
"Johannes Geis","de","La Liga","Germany"
"Nicolas Viola","it","Serie A","Italy"
"Borja Lasso","es","La Liga","Spain"
"Miguel Layún","mx","La Liga","Mexico"
"Andrea Barzagli","it","Serie A","Italy"
"Dominic Maroh","si","Bundesliga","Slovenia"
"Alessandro Deiola","it","Serie A","Italy"
"Walter Montoya","ar","La Liga","Argentina"
"Luis Muriel","co","La Liga","Colombia"
"Jesús Navas","es","La Liga","Spain"
"Nolito","es","La Liga","Spain"
"Steven Nzonzi","fr","La Liga","France"
"Maurício","br","Serie A","Brazil"
"Guido Pizarro","ar","La Liga","Argentina"
"Sandro Ramírez","es","La Liga","Spain"
"Sergio Rico","es","La Liga","Spain"
"Pablo Sarabia","es","La Liga","Spain"
"David Soria","es","La Liga","Spain"
"Franco Vázquez","ar","La Liga","Argentina"
"Charlie Austin","en","Premier League","England"
"Yohan Benalouane","tn","Premier League","Tunisia"
"Ryan Bertrand","en","Premier League","England"
"Sofiane Boufal","ma","Premier League","Morocco"
"Guido Carrillo","ar","Premier League","Argentina"
"Lassana Coulibaly","ml","Ligue 1","Mali"
"Axel Tuanzebe","en","Premier League","England"
"Fraser Forster","en","Premier League","England"
"Manolo Gabbiadini","it","Premier League","Italy"
"Nicolas Cozza","fr","Ligue 1","France"
"Mario Lemina","ga","Premier League","Gabon"
"Shane Long","ie","Premier League","Ireland"
"Alex McCarthy","en","Premier League","England"
"Sam McQueen","en","Premier League","England"
"Jérémy Pied","fr","Premier League","France"
"Nathan Redmond","en","Premier League","England"
"Oriol Romeu","es","Premier League","Spain"
"Josh Sims","en","Premier League","England"
"Cédric Soares","pt","Premier League","Portugal"
"Marvin Compper","de","Bundesliga","Germany"
"Matt Targett","en","Premier League","England"
"Jordan Marié","fr","Ligue 1","France"
"Naldo","br","Bundesliga","Brazil"
"Mirco Antenucci","it","Serie A","Italy"
"Federico Bonazzoli","it","Serie A","Italy"
"Marco Borriello","it","Serie A","Italy"
"Daniel Carriço","pt","La Liga","Portugal"
"Filippo Costa","it","Serie A","Italy"
"Steven Fortes","cv","Ligue 1","Cape Verde"
"Boukary Dramé","sn","Serie A","Senegal"
"Sergio Floccari","it","Serie A","Italy"
"Alfred Gomis","sn","Serie A","Senegal"
"Nicola Rigoni","it","Serie A","Italy"
"Manuel Lazzari","it","Serie A","Italy"
"Everton Luiz","br","Serie A","Brazil"
"Gabriele Marchegiani","it","Serie A","Italy"
"Federico Mattiello","it","Serie A","Italy"
"Alex Meret","it","Serie A","Italy"
"Pasquale Schiattarella","it","Serie A","Italy"
"Alberto Paloschi","it","Serie A","Italy"
"Emerson Hyndman","us","Premier League","United States"
"Jimmy Giraudon","fr","Ligue 1","France"
"Fabrizio Caligara","it","Serie A","Italy"
"Vincent Sierro","ch","Bundesliga","Switzerland"
"Gabriele Angella","it","Serie A","Italy"
"Rúben Semedo","pt","La Liga","Portugal"
"Luca Rigoni","it","Serie A","Italy"
"Federico Viviani","it","Serie A","Italy"
"Aleix García","es","La Liga","Spain"
"Ibrahim Afellay","nl","Premier League","Netherlands"
"Marcel Büchel","li","Serie A","Liechtenstein"
"Moritz Bauer","at","Premier League","Austria"
"Saido Berahino","bi","Premier League","Burundi"
"Jack Butland","en","Premier League","England"
"Geoff Cameron","us","Premier League","United States"
"Peter Crouch","en","Premier League","England"
"Tom Edwards","en","Premier League","England"
"Mattia Valoti","it","Serie A","Italy"
"Lee Grant","en","Premier League","England"
"Stephen Ireland","ie","Premier League","Ireland"
"Jesé","es","Premier League","Spain"
"Glen Johnson","en","Premier League","England"
"Luca Caldirola","it","Bundesliga","Italy"
"Eric Maxim Choupo-Moting","cm","Premier League","Cameroon"
"Cafú","pt","Ligue 1","Portugal"
"Julien Ngoy","be","Premier League","Belgium"
"Erik Pieters","nl","Premier League","Netherlands"
"Xherdan Shaqiri","ch","Premier League","Switzerland"
"Gareth McAuley","ni","Premier League","Nicaragua"
"Ramadan Sobhi","eg","Premier League","Egypt"
"Josh Tymon","en","Premier League","England"
"James Collins","wa","Premier League","Wales"
"Jean-Claude Billong","fr","Serie A","France"
"Jean-Eudes Aholou","ci","Ligue 1","Côte d’Ivoire"
"Stéphane Bahoken","cm","Ligue 1","Cameroon"
"Jérémy Blayac","fr","Ligue 1","France"
"Landry Bonnefoi","fr","Ligue 1","France"
"Benjamin Corgnet","fr","Ligue 1","France"
"Nuno da Costa","cv","Ligue 1","Cape Verde"
"Dimitri Foulquier","fr","Ligue 1","France"
"Renaud Cohade","fr","Ligue 1","France"
"Jérémy Grimm","fr","Ligue 1","France"
"Bingourou Kamara","sn","Ligue 1","Senegal"
"Jawad El Yamiq","ma","Serie A","Morocco"
"Kenny Lala","fr","Ligue 1","France"
"Édgar Barreto","py","Serie A","Paraguay"
"Luca Antei","it","Serie A","Italy"
"Leon Britton","en","Premier League","England"
"Pedro Alcalá","es","La Liga","Spain"
"Tristan Dingomé","cm","Ligue 1","Cameroon"
"Alexandre Oukidja","dz","Ligue 1","Algeria"
"Idriss Saadi","dz","Ligue 1","Algeria"
"Ihsan Sacko","fr","Ligue 1","France"
"Matteo Bianchetti","it","Serie A","Italy"
"Antonio Caracciolo","it","Serie A","Italy"
"Martin Terrier","fr","Ligue 1","France"
"Josip Brekalo","hr","Bundesliga","Croatia"
"Jacob Bruun Larsen","dk","Bundesliga","Denmark"
"Mario Gómez","de","Bundesliga","Germany"
"Simon Terodde","de","Bundesliga","Germany"
"Erik Thommy","de","Bundesliga","Germany"
"Tammy Abraham","en","Premier League","England"
"André Ayew","gh","Premier League","Ghana"
"Jordan Ayew","gh","Premier League","Ghana"
"Jonathan Rivierez","fr","Ligue 1","France"
"Wilfried Bony","ci","Premier League","Côte d’Ivoire"
"Ben Watson","en","Premier League","England"
"Josh Cullen","ie","Premier League","Ireland"
"Loïc Puyo","fr","Ligue 1","France"
"Elio Capradossi","it","Serie A","Italy"
"Nathan Dyer","en","Premier League","England"
"Leroy Fer","nl","Premier League","Netherlands"
"Nicolás Pareja","ar","La Liga","Argentina"
"Zinédine Machach","fr","Ligue 1","France"
"Svante Ingelsson","se","Serie A","Sweden"
"Thiago Cionek","pl","Serie A","Poland"
"Oliver McBurnie","sc","Premier League","Seychelles"
"Guessouma Fofana","fr","Ligue 1","France"
"Luciano Narsingh","nl","Premier League","Netherlands"
"Kyle Naughton","en","Premier League","England"
"Martin Olsson","se","Premier League","Sweden"
"Connor Roberts","wa","Premier League","Wales"
"Wayne Routledge","en","Premier League","England"
"Ledian Memushaj","al","Serie A","Albania"
"Michael Krohn-Dehli","dk","La Liga","Denmark"
"Cristian Ansaldi","ar","Serie A","Argentina"
"Antonio Barreca","it","Serie A","Italy"
"Gabriel Peñalba","ar","La Liga","Argentina"
"Andrea Belotti","it","Serie A","Italy"
"Álex Berenguer","es","Serie A","Spain"
"Pablo Martinez","fr","Ligue 1","France"
"Lucas Boyé","ar","Serie A","Argentina"
"Rolando","pt","Ligue 1","Portugal"
"Daniel Congré","fr","Ligue 1","France"
"Lorenzo De Silvestri","it","Serie A","Italy"
"Simone Edera","it","Serie A","Italy"
"Iago Falque","es","Serie A","Spain"
"Michael Krohn-Dehli","dk","La Liga","Denmark"
"Mehdi Tahrat","dz","Ligue 1","Algeria"
"Vanja Milinković-Savić","rs","Serie A","Serbia"
"Cristian Molinaro","it","Serie A","Italy"
"Andrea Costa","it","Serie A","Italy"
"M'Baye Niang","sn","Serie A","Senegal"
"Samuel Gustafson","se","Serie A","Sweden"
"Tomás Rincón","ve","Serie A","Venezuela"
"Umar Sadiq","ng","Serie A","Nigeria"
"Salvatore Sirigu","it","Serie A","Italy"
"Mirko Valdifiori","it","Serie A","Italy"
"Davide Zappacosta","it","Serie A","Italy"
"Fabio Pisacane","it","Serie A","Italy"
"Dele Alli","en","Premier League","England"
"Serge Aurier","ci","Premier League","Côte d’Ivoire"
"Ben Davies","wa","Premier League","Wales"
"Jan Morávek","cz","Bundesliga","Czechia"
"Noë Dussenne","be","Serie A","Belgium"
"Christian Eriksen","dk","Premier League","Denmark"
"Paulo Gazzaniga","ar","Premier League","Argentina"
"Vincent Janssen","nl","Premier League","Netherlands"
"Harry Kane","en","Premier League","England"
"Fernando Llorente","es","Premier League","Spain"
"Hugo Lloris","fr","Premier League","France"
"Lucas Moura","br","Premier League","Brazil"
"Danny Rose","en","Premier League","England"
"Samuel Souprayen","fr","Serie A","France"
"Daniele Dessena","it","Serie A","Italy"
"Kieran Trippier","en","Premier League","England"
"Aythami Artiles","es","La Liga","Spain"
"Michel Vorm","nl","Premier League","Netherlands"
"Kyle Walker-Peters","en","Premier League","England"
"Victor Wanyama","ke","Premier League","Kenya"
"Harry Winks","en","Premier League","England"
"Kelvin Amian","fr","Ligue 1","France"
"Alexis Blin","fr","Ligue 1","France"
"Alberto Aquilani","it","La Liga","Italy"
"Quentin Boisgard","fr","Ligue 1","France"
"Yannick Cahuzac","fr","Ligue 1","France"
"Andy Delort","dz","Ligue 1","Algeria"
"Lars Lukas Mai","de","Bundesliga","Germany"
"Jimmy Durmaz","se","Ligue 1","Sweden"
"Leandro Cabrera","uy","Serie A","Uruguay"
"Max Gradel","ci","Ligue 1","Côte d’Ivoire"
"Giannelli Imbula","cd","Ligue 1","Congo - Kinshasa"
"Corentin Jean","fr","Ligue 1","France"
"Leandro Cabrera","uy","La Liga","Uruguay"
"Alban Lafont","fr","Ligue 1","France"
"Luca Mora","it","Serie A","Italy"
"Clément Michelin","fr","Ligue 1","France"
"François Moubandje","ch","Ligue 1","Switzerland"
"Ibrahim Sangaré","ci","Ligue 1","Côte d’Ivoire"
"Yaya Sanogo","fr","Ligue 1","France"
"Franco Zuculini","ar","Serie A","Argentina"
"Issiaga Sylla","gn","Ligue 1","Guinea"
"Ola Toivonen","se","Ligue 1","Sweden"
"Steeve Yago","bf","Ligue 1","Burkina Faso"
"Rominigue Kouamé","ml","Ligue 1","Mali"
"François Bellugou","fr","Ligue 1","France"
"Chaouki Ben Saada","tn","Ligue 1","Tunisia"
"Jérémy Cordoval",NA,"Ligue 1",NA
"Stéphane Darbion","fr","Ligue 1","France"
"Mathieu Deplagne","fr","Ligue 1","France"
"Emil Hallfreðsson","is","Serie A","Iceland"
"Ernest Seka","gn","Ligue 1","Guinea"
"Samuel Grandsir","fr","Ligue 1","France"
"Khaled Adénon","bj","Ligue 1","Benin"
"Saîf-Eddine Khaoui","tn","Ligue 1","Tunisia"
"Bryan Mbeumo","fr","Ligue 1","France"
"Adama Niane","ml","Ligue 1","Mali"
"Benjamin Nivet","fr","Ligue 1","France"
"Johann Obiang","ga","Ligue 1","Gabon"
"Bryan Pelé","fr","Ligue 1","France"
"Mamadou Samassa","ml","Ligue 1","Mali"
"Jonathan Tinhan","bj","Ligue 1","Benin"
"Iván Ramis","es","La Liga","Spain"
"Aiden O'Neill","au","Premier League","Australia"
"Erwin Zelazny","fr","Ligue 1","France"
"Felipe","br","Bundesliga","Brazil"
"Riad Bajić","ba","Serie A","Bosnia & Herzegovina"
"Valon Behrami","ch","Serie A","Switzerland"
"Albano Bizzarri","ar","Serie A","Argentina"
"Gianluca Gaudino","de","Serie A","Germany"
"Giovanni Crociata","it","Serie A","Italy"
"Enzo Loiodice","fr","Ligue 1","France"
"Vasilije Janjicic","ch","Bundesliga","Switzerland"
"Samuel Moutoussamy","cd","Ligue 1","Congo - Kinshasa"
"Kevin Lasagna","it","Serie A","Italy"
"Maxi López","ar","Serie A","Argentina"
"Ryder Matos","br","Serie A","Brazil"
"Martin Cranie","en","Premier League","England"
"Stipe Perica","hr","Serie A","Croatia"
"Giuseppe Pezzella","it","Serie A","Italy"
"Simone Pontisso","it","Serie A","Italy"
"Simone Scuffet","it","Serie A","Italy"
"Jens Stryger Larsen","dk","Serie A","Denmark"
"Cyril Théréau","fr","Serie A","France"
"Martín Mantovani","ar","La Liga","Argentina"
"Silvan Widmer","ch","Serie A","Switzerland"
"Francesco Zampano","it","Serie A","Italy"
"João Cancelo","pt","La Liga","Portugal"
"Francis Coquelin","fr","La Liga","France"
"Jaume Doménech","es","La Liga","Spain"
"Kouadio-Yves Dabila","ci","Ligue 1","Côte d’Ivoire"
"Nacho Gil","es","La Liga","Spain"
"Gonçalo Guedes","pt","La Liga","Portugal"
"Mattia Vitale","it","Serie A","Italy"
"Toni Lato","es","La Liga","Spain"
"Anthony Gonçalves","fr","Ligue 1","France"
"Santi Mina","es","La Liga","Spain"
"Martín Montoya","es","La Liga","Spain"
"Andrea Raggi","it","Ligue 1","Italy"
"Neto","br","La Liga","Brazil"
"Kader Mangane","sn","Ligue 1","Senegal"
"Andreas Pereira","br","La Liga","Brazil"
"Rodrigo","es","La Liga","Spain"
"Jay Fulton","sc","Premier League","Seychelles"
"Oswaldo Vizcarrondo","ve","Ligue 1","Venezuela"
"Nacho Vidal","es","La Liga","Spain"
"Luciano Vietto","ar","La Liga","Argentina"
"Simone Zaza","it","La Liga","Italy"
"Sergio Asenjo","es","La Liga","Spain"
"Carlos Bacca","co","La Liga","Colombia"
"Cédric Bakambu","cd","La Liga","Congo - Kinshasa"
"Mariano Barbosa","ar","La Liga","Argentina"
"Pau Torres","es","La Liga","Spain"
"Samu Castillejo","es","La Liga","Spain"
"Denis Cheryshev","ru","La Liga","Russia"
"Chuca","es","La Liga","Spain"
"Jaume Costa","es","La Liga","Spain"
"Salem Al-Dawsari","sa","La Liga","Saudi Arabia"
"Andrés Fernández","es","La Liga","Spain"
"Pablo Fornals","es","La Liga","Spain"
"Javi Fuego","es","La Liga","Spain"
"Mario Gaspar","es","La Liga","Spain"
"Adrián Diéguez","es","La Liga","Spain"
"Mario González","es","La Liga","Spain"
"Lorenzo Del Pinto","it","Serie A","Italy"
"Adrián Marín","es","La Liga","Spain"
"Roger Martínez","co","La Liga","Colombia"
"Alfred N'Diaye","sn","La Liga","Senegal"
"Darío Poveda","es","La Liga","Spain"
"Dani Raba","es","La Liga","Spain"
"Rodri","es","La Liga","Spain"
"Fabio Lucioni","it","Serie A","Italy"
"Antonio Rukavina","rs","La Liga","Serbia"
"Nicola Sansone","it","La Liga","Italy"
"Domenico Maietta","it","Serie A","Italy"
"Niccolò Zanellato","it","Serie A","Italy"
"Nicolás Spolli","ar","Serie A","Argentina"
"Simone Calvano","it","Serie A","Italy"
"Enes Ünal","tr","La Liga","Turkey"
"Nordin Amrabat","ma","Premier League","Morocco"
"Anthony Walongwa","cd","Ligue 1","Congo - Kinshasa"
"Étienne Capoue","fr","Premier League","France"
"André Carrillo","pe","Premier League","Peru"
"Michele Cremonesi","it","Serie A","Italy"
"Nathaniel Chalobah","en","Premier League","England"
"Toni Moya","es","La Liga","Spain"
"Troy Deeney","en","Premier League","England"
"Gerard Deulofeu","es","Premier League","Spain"
"Mehdi Léris","fr","Serie A","France"
"Kiko Femenía","es","Premier League","Spain"
"Heurelho Gomes","br","Premier League","Brazil"
"Andre Gray","en","Premier League","England"
"Imanol Sarriegi","es","La Liga","Spain"
"Daryl Janmaat","nl","Premier League","Netherlands"
"Sauli Väisänen","fi","Serie A","Finland"
"Yoann Salmier",NA,"Ligue 1",NA
"Orestis Karnezis","gr","Premier League","Greece"
"Dodi Lukebakio","be","Premier League","Belgium"
"Dario Dainelli","it","Serie A","Italy"
"Stefano Okaka","it","Premier League","Italy"
"Roberto Pereyra","ar","Premier League","Argentina"
"Nicolás Burdisso","ar","Serie A","Argentina"
"Richarlison","br","Premier League","Brazil"
"Jerome Sinclair","en","Premier League","England"
"Emiliano Moretti","it","Serie A","Italy"
"Nikolas Nartey","dk","Bundesliga","Denmark"
"Marvin Zeegelaar","nl","Premier League","Netherlands"
"Ludwig Augustinsson","se","Bundesliga","Sweden"
"Philipp Bargfrede","de","Bundesliga","Germany"
"Fin Bartels","de","Bundesliga","Germany"
"Robert Bauer","de","Bundesliga","Germany"
"Ishak Belfodil","dz","Bundesliga","Algeria"
"Alessandro Gamberini","it","Serie A","Italy"
"Edu Expósito","es","La Liga","Spain"
"Johannes Eggestein","de","Bundesliga","Germany"
"Sulley Muntari","gh","La Liga","Ghana"
"Cédric Varrault","fr","Ligue 1","France"
"Ulisses Garcia","ch","Bundesliga","Switzerland"
"Theodor Gebre Selassie","cz","Bundesliga","Czechia"
"Jon Guridi","es","La Liga","Spain"
"Aron Jóhannsson","us","Bundesliga","United States"
"Florian Kainz","at","Bundesliga","Austria"
"Ole Käuper","de","Bundesliga","Germany"
"Max Kruse","de","Bundesliga","Germany"
"Yann Aurel Bisseck","de","Bundesliga","Germany"
"Jérémy Morel","mg","Ligue 1","Madagascar"
"Milot Rashica","xk","Bundesliga","Kosovo"
"Santiago Gentiletti","ar","Serie A","Argentina"
"Gareth Barry","en","Premier League","England"
"Nicolas Janvier","fr","Ligue 1","France"
"Oliver Burke","sc","Premier League","Seychelles"
"Nacer Chadli","be","Premier League","Belgium"
"Stephan Ambrosius","de","Bundesliga","Germany"
"Deian Boldor","ro","Serie A","Romania"
"Ramiro Guerra","uy","La Liga","Uruguay"
"Ben Foster","en","Premier League","England"
"Kieran Gibbs","en","Premier League","England"
"Florent Balmont","fr","Ligue 1","France"
"Grzegorz Krychowiak","pl","Premier League","Poland"
"Jake Livermore","en","Premier League","England"
"Gerzino Nyamsi","fr","Ligue 1","France"
"James McClean","ie","Premier League","Ireland"
"Dean Whitehead","en","Premier League","England"
"Boaz Myhill","wa","Premier League","Wales"
"Allan Nyom","cm","Premier League","Cameroon"
"Matt Phillips","sc","Premier League","Seychelles"
"Hal Robson-Kanu","wa","Premier League","Wales"
"Salomón Rondón","ve","Premier League","Venezuela"
"Daniel Sturridge","en","Premier League","England"
"Claudio Yacob","ar","Premier League","Argentina"
"Adrián","es","Premier League","Spain"
"Michail Antonio","en","Premier League","England"
"André Ayew","gh","Premier League","Ghana"
"Sam Byram","en","Premier League","England"
"Andy Carroll","en","Premier League","England"
"Daniele Bonera","it","La Liga","Italy"
"Aaron Cresswell","en","Premier League","England"
"Davide Biondini","it","Serie A","Italy"
"Patrice Evra","fr","Premier League","France"
"Zaydou Youssouf","fr","Ligue 1","France"
"Christoph Janker","de","Bundesliga","Germany"
"Joe Hart","en","Premier League","England"
"Jordan Hugill","en","Premier League","England"
"Cheikhou Kouyaté","sn","Premier League","Senegal"
"Manuel Lanzini","ar","Premier League","Argentina"
"Fabio González","es","La Liga","Spain"
"Arthur Masuaku","cd","Premier League","Congo - Kinshasa"
"Giovanni Volpicelli","it","Serie A","Italy"
"Sergio Mora","es","La Liga","Spain"
"Olivier Verdon","bj","Ligue 1","Benin"
"Reece Oxford","en","Premier League","England"
"David García","es","La Liga","Spain"
"Declan Rice","en","Premier League","England"
"Diafra Sakho","sn","Premier League","Senegal"
"Pablo Zabaleta","ar","Premier League","Argentina"
"Eros Schiavon","it","Serie A","Italy"
"Luca Sparandeo","it","Serie A","Italy"
"Josip Brekalo","hr","Bundesliga","Croatia"
"Florian Mayer","de","Bundesliga","Germany"
"Ignacio Camacho","es","Bundesliga","Spain"
"Koen Casteels","be","Bundesliga","Belgium"
"Daniel Didavi","de","Bundesliga","Germany"
"Landry Dimata","be","Bundesliga","Belgium"
"Rekeem Harper","en","Premier League","England"
"Mario Gómez","de","Bundesliga","Germany"
"Josuha Guilavogui","fr","Bundesliga","France"
"Kaylen Hinds","en","Bundesliga","England"
"Alessandro Buongiorno","it","Serie A","Italy"
"Sebastian Jung","de","Bundesliga","Germany"
"Christian Rutjens",NA,"Serie A",NA
"Admir Mehmedi","ch","Bundesliga","Switzerland"
"Paul-Georges Ntep","cm","Bundesliga","Cameroon"
"Divock Origi","be","Bundesliga","Belgium"
"Victor Osimhen","ng","Bundesliga","Nigeria"
"Renato Steffen","ch","Bundesliga","Switzerland"
"Paul Jaeckel","de","Bundesliga","Germany"
"Paul Verhaegh","nl","Bundesliga","Netherlands"
"William","br","Bundesliga","Brazil"
